번호,지역,기관명,지구
1,대덕,(사)뿌리산업창조혁신연구원,1지구
2,대덕,(사)한국농식품ICT융복합산업협회,1지구
3,대덕,(사)한국선급,1지구
4,대덕,(사)한국원자력기술기업협회,1지구
5,대덕,(사단법인)대덛원자력포럼,1지구
6,대덕,(유)실리콘밸류,1지구
7,대덕,(재)기가코리아사업단,1지구
8,대덕,(재)다차원스마트IT융합,1지구
9,대덕,(재)대전정보문화산업진흥원,1지구
10,대덕,(재)대전창조경제혁신센터,1지구
11,대덕,(재)사용후핵연료관리핵심기술개발사업단,1지구
12,대덕,(재)카이트창업가재단,1지구
13,대덕,(재)한국이산화탄소포집및처리연구개발센터,1지구
14,대덕,(주) 케이프로텍,1지구
15,대덕,(주)LG화학,1지구
16,대덕,(주)LI Networks,1지구
17,대덕,(주)TW에너시스,1지구
18,대덕,(주)가이아,1지구
19,대덕,(주)가인테크,1지구
20,대덕,(주)골프존 유원홀딩스,1지구
21,대덕,(주)그래파이,1지구
22,대덕,(주)그린빌트,1지구
23,대덕,(주)그린시티솔루션,1지구
24,대덕,(주)금광,1지구
25,대덕,(주)김일두연구소,1지구
26,대덕,(주)나노람다코리아,1지구
27,대덕,(주)나노바이오텍,1지구
28,대덕,(주)나노스캔코리아,1지구
29,대덕,(주)나르마,1지구
30,대덕,(주)네스포유,1지구
31,대덕,(주)네오나노텍,1지구
32,대덕,(주)네오디바이스,1지구
33,대덕,(주)네오디엠,1지구
34,대덕,(주)네오로드,1지구
35,대덕,(주)네오시스코리아,1지구
36,대덕,(주)네오퓨쳐텍,1지구
37,대덕,(주)네패스,1지구
38,대덕,(주)넷브릿지,1지구
39,대덕,(주)넷사피엔스,1지구
40,대덕,(주)넷커스터마이즈,1지구
41,대덕,(주)뉴라텍,1지구
42,대덕,(주)다원,1지구
43,대덕,(주)다인스,1지구
44,대덕,(주)다크호스게임즈,1지구
45,대덕,(주)대덕정밀,1지구
46,대덕,(주)대연아이엔티,1지구
47,대덕,(주)대자연과함께,1지구
48,대덕,(주)더 금영,1지구
49,대덕,(주)더블유쏠라,1지구
50,대덕,(주)더에스,1지구
51,대덕,(주)더이엔,1지구
52,대덕,(주)동승전기,1지구
53,대덕,(주)동양환경,1지구
54,대덕,(주)듀라씰,1지구
55,대덕,(주)드론디비젼,1지구
56,대덕,(주)드림빌더,1지구
57,대덕,(주)디앤티글로벌,1지구
58,대덕,(주)디케이아이테크놀로지,1지구
59,대덕,(주)디토,1지구
60,대덕,(주)라드웍스,1지구
61,대덕,(주)라이온로보틱스,1지구
62,대덕,(주)래티스테크놀로지,1지구
63,대덕,(주)랩죤,1지구
64,대덕,(주)레보스케치,1지구
65,대덕,(주)레이저앤그래핀,1지구
66,대덕,(주)로엔서지컬,1지구
67,대덕,(주)루미셈,1지구
68,대덕,(주)루미콤,1지구
69,대덕,(주)리뉴시스템,1지구
70,대덕,(주)리얼타임웨이브,1지구
71,대덕,(주)마이티시스템,1지구
72,대덕,(주)마젠타로보틱스,1지구
73,대덕,(주)매인,1지구
74,대덕,(주)맥섭기술,1지구
75,대덕,(주)맥솔루션,1지구
76,대덕,(주)메디레독스,1지구
77,대덕,(주)메디셀,1지구
78,대덕,(주)메디진,1지구
79,대덕,(주)메타뱅크,1지구
80,대덕,(주)명신테크,1지구
81,대덕,(주)모노솔라,1지구
82,대덕,(주)모두텍,1지구
83,대덕,(주)모스트,1지구
84,대덕,(주)모신바이오텍,1지구
85,대덕,(주)모헨즈,1지구
86,대덕,(주)몰팩바이오,1지구
87,대덕,(주)미르캠앤프로토,1지구
88,대덕,(주)미토스테라퓨틱스,1지구
89,대덕,(주)밀리트로닉스,1지구
90,대덕,(주)바론시스템,1지구
91,대덕,(주)바이엠텍,1지구
92,대덕,(주)백유정보통신,1지구
93,대덕,(주)베니페,1지구
94,대덕,(주)보노아이씨티,1지구
95,대덕,(주)부강테크,1지구
96,대덕,(주)뷰런,1지구
97,대덕,(주)브이엠에스 솔루션스,1지구
98,대덕,(주)브이픽스메디칼,1지구
99,대덕,(주)블루디바이스,1지구
100,대덕,(주)블루젠,1지구
101,대덕,(주)블루코드 기술연구소,1지구
102,대덕,(주)블루코리아이노베이션,1지구
103,대덕,(주)블루텍,1지구
104,대덕,(주)비제이P&S-폐쇄09.11.05,1지구
105,대덕,(주)비제이바이오켐,1지구
106,대덕,(주)비케이,1지구
107,대덕,(주)비케이유엘에스,1지구
108,대덕,(주)비케이인스트루먼트,1지구
109,대덕,(주)빅썸바이오,1지구
110,대덕,(주)사이버메드,1지구
111,대덕,(주)사이언스웍스,1지구
112,대덕,(주)사이조은,1지구
113,대덕,(주)삼보티디피,1지구
114,대덕,(주)삼양바이오팜 의약바이오연구소,1지구
115,대덕,(주)삼양사,1지구
116,대덕,(주)삼양사,1지구
117,대덕,(주)삼양사 중앙연구소,1지구
118,대덕,(주)삼익에너지,1지구
119,대덕,(주)상두,1지구
120,대덕,(주)생물유전자원연구소,1지구
121,대덕,(주)서우인,1지구
122,대덕,(주)서지텍,1지구
123,대덕,(주)석화디자인,1지구
124,대덕,(주)성진테크윈,1지구
125,대덕,(주)세이프텍리서치,1지구
126,대덕,(주)세컨그라운드,1지구
127,대덕,(주)세프라텍,1지구
128,대덕,(주)센서테크,1지구
129,대덕,(주)셀아이콘랩,1지구
130,대덕,(주)셀엔백스,1지구
131,대덕,(주)셀큐라티오,1지구
132,대덕,(주)소프트4소프트,1지구
133,대덕,(주)소프트아이텍,1지구
134,대덕,(주)솔보텍,1지구
135,대덕,(주)솔탑,1지구
136,대덕,(주)수젠텍,1지구
137,대덕,(주)쉐어박스,1지구
138,대덕,(주)스마트큐,1지구
139,대덕,(주)스코넥엔터테인먼트,1지구
140,대덕,(주)스페이스매직,1지구
141,대덕,(주)승진바이오,1지구
142,대덕,(주)시드코어,1지구
143,대덕,(주)시스다인,1지구
144,대덕,(주)시스메이트,1지구
145,대덕,(주)시큐랩,1지구
146,대덕,(주)시큐웍스,1지구
147,대덕,(주)신우기계,1지구
148,대덕,(주)실리콘웍스,1지구
149,대덕,(주)심네트,1지구
150,대덕,(주)심텍,1지구
151,대덕,(주)썬트리즈,1지구
152,대덕,(주)쏘그웨어,1지구
153,대덕,(주)씨아이제이,1지구
154,대덕,(주)씨앤비에이치,1지구
155,대덕,(주)씨앤엘,1지구
156,대덕,(주)씨에이치솔루션,1지구
157,대덕,(주)씨에프텍,1지구
158,대덕,(주)씨크릿우먼,1지구
159,대덕,(주)아리안,1지구
160,대덕,(주)아마텍코리아,1지구
161,대덕,(주)아워홈,1지구
162,대덕,(주)아이디엘,1지구
163,대덕,(주)아이브이웍스,1지구
164,대덕,(주)아이서티,1지구
165,대덕,(주)아이와즈,1지구
166,대덕,(주)아이카이스트,1지구
167,대덕,(주)아이트릭스테크놀로지,1지구
168,대덕,(주)아이티알,1지구
169,대덕,(주)아이티인프라,1지구
170,대덕,(주)아이피아이,1지구
171,대덕,(주)아이피아이테크,1지구
172,대덕,(주)아이피트,1지구
173,대덕,(주)아임시스템,1지구
174,대덕,(주)알앤디프로젝트,1지구
175,대덕,(주)알앤에스랩,1지구
176,대덕,(주)알티스트,1지구
177,대덕,(주)앤플럭스,1지구
178,대덕,(주)어반데이터랩,1지구
179,대덕,(주)에세텔,1지구
180,대덕,(주)에스브이에스에이,1지구
181,대덕,(주)에스아이디텍션,1지구
182,대덕,(주)에스아이아이에스,1지구
183,대덕,(주)에스아이에스센서,1지구
184,대덕,(주)에스아이에이,1지구
185,대덕,(주)에스엠인스트루먼트,1지구
186,대덕,(주)에스오엑스,1지구
187,대덕,(주)에스제이정보통신,1지구
188,대덕,(주)에어테르,1지구
189,대덕,(주)에이브람스,1지구
190,대덕,(주)에이브레인,1지구
191,대덕,(주)에이알텍,1지구
192,대덕,(주)에이온엘에스,1지구
193,대덕,(주)에이치비씨,1지구
194,대덕,(주)에이치큐테크,1지구
195,대덕,(주)에이치티,1지구
196,대덕,(주)에이코퍼레이션,1지구
197,대덕,(주)에이팩,1지구
198,대덕,(주)에코마스터,1지구
199,대덕,(주)에코바이오의학연구소,1지구
200,대덕,(주)에코샤인,1지구
201,대덕,(주)에코플러스,1지구
202,대덕,(주)에프아이시스,1지구
203,대덕,(주)에핏,1지구
204,대덕,(주)엑셀베스트,1지구
205,대덕,(주)엑스트,1지구
206,대덕,(주)엑트,1지구
207,대덕,(주)엔시정보기술,1지구
208,대덕,(주)엔쓰리소프트,1지구
209,대덕,(주)엔에프,1지구
210,대덕,(주)엔지노믹스,1지구
211,대덕,(주)엔테로지노믹스,1지구
212,대덕,(주)엔텍코아,1지구
213,대덕,(주)엘스콤,1지구
214,대덕,(주)엘지유플러스,1지구
215,대덕,(주)엘케이글로벌,1지구
216,대덕,(주)엘케이켐,1지구
217,대덕,(주)엘큐바이오,1지구
218,대덕,(주)엠씨케이테크,1지구
219,대덕,(주)엠지이노베이션,1지구
220,대덕,(주)엠칩스,1지구
221,대덕,(주)엠투엠코리아,1지구
222,대덕,(주)엠티지,1지구
223,대덕,(주)엠팩엔지니어링,1지구
224,대덕,(주)연암엔지니어링,1지구
225,대덕,(주)오딘,1지구
226,대덕,(주)오믹시스,1지구
227,대덕,(주)옥타곤솔루션,1지구
228,대덕,(주)옵토스타,1지구
229,대덕,(주)옵트론텍,1지구
230,대덕,(주)와이브레인,1지구
231,대덕,(주)와이티,1지구
232,대덕,(주)우노코스,1지구
233,대덕,(주)우리가만드는안전한세상,1지구
234,대덕,(주)우정넷,1지구
235,대덕,(주)우조하이텍,1지구
236,대덕,(주)원방포스택,1지구
237,대덕,(주)원컴,1지구
238,대덕,(주)웨비오,1지구
239,대덕,(주)웨이브트로닉스,1지구
240,대덕,(주)웨이옵틱스,1지구
241,대덕,(주)위너다임,1지구
242,대덕,(주)위드마인드,1지구
243,대덕,(주)위로보,1지구
244,대덕,(주)윕스,1지구
245,대덕,(주)유나,1지구
246,대덕,(주)유니버셜머티리얼코퍼레이션,1지구
247,대덕,(주)유니코정밀화학,1지구
248,대덕,(주)유앤아이기술,1지구
249,대덕,(주)유엠아이,1지구
250,대덕,(주)이공감,1지구
251,대덕,(주)이노즈,1지구
252,대덕,(주)이르테크,1지구
253,대덕,(주)이맥솔루션,1지구
254,대덕,(주)이맥솔루션 대전지점,1지구
255,대덕,(주)이머시스,1지구
256,대덕,(주)이아이에스,1지구
257,대덕,(주)이앤씨코리아,1지구
258,대덕,(주)이앤이시스,1지구
259,대덕,(주)이에스글로벌네트워크,1지구
260,대덕,(주)이에스티,1지구
261,대덕,(주)이엔이티,1지구
262,대덕,(주)이지스,1지구
263,대덕,(주)이지스웨어,1지구
264,대덕,(주)이지파워컴퍼니,1지구
265,대덕,(주)이포토닉스,1지구
266,대덕,(주)이폼웍스,1지구
267,대덕,(주)인섹트바이오텍,1지구
268,대덕,(주)인아트,1지구
269,대덕,(주)인터케스트,1지구
270,대덕,(주)인투스페이스,1지구
271,대덕,(주)인퍼텍,1지구
272,대덕,(주)인포리언스,1지구
273,대덕,(주)인포스,1지구
274,대덕,(주)인포카,1지구
275,대덕,(주)인피니전,1지구
276,대덕,(주)일리시스,1지구
277,대덕,(주)잇팩,1지구
278,대덕,(주)정상라이다,1지구
279,대덕,(주)정석케미칼,1지구
280,대덕,(주)제노텍,1지구
281,대덕,(주)제로스인터내셔널,1지구
282,대덕,(주)제우기술,1지구
283,대덕,(주)제이이엔지,1지구
284,대덕,(주)제이피씨오토모티브,1지구
285,대덕,(주)조아스텍,1지구
286,대덕,(주)조이앤시스,1지구
287,대덕,(주)준형,1지구
288,대덕,(주)중앙백신연구소,1지구
289,대덕,(주)지씨아이,1지구
290,대덕,(주)지에프이엔씨,1지구
291,대덕,(주)지피에이코리아,1지구
292,대덕,(주)지피엔이,1지구
293,대덕,(주)청강이엔지,1지구
294,대덕,(주)카보엑스퍼트,1지구
295,대덕,(주)카스,1지구
296,대덕,(주)카이로켐,1지구
297,대덕,(주)카이스트홀딩스,1지구
298,대덕,(주)카이아이컴퍼니,1지구
299,대덕,(주)카프마이크로,1지구
300,대덕,(주)커넥트브릭,1지구
301,대덕,(주)컨텍,1지구
302,대덕,(주)케이더블유뉴클리어콤포넌트,1지구
303,대덕,(주)케이시크,1지구
304,대덕,(주)케이쓰리아이,1지구
305,대덕,(주)케이아이,1지구
306,대덕,(주)케이알에너지솔루션,1지구
307,대덕,(주)케이에이치전자,1지구
308,대덕,(주)케이엠넷,1지구
309,대덕,(주)케이티지,1지구
310,대덕,(주)켐트리,1지구
311,대덕,(주)코스모넷,1지구
312,대덕,(주)코아시스,1지구
313,대덕,(주)코어밸런스,1지구
314,대덕,(주)코어스톤,1지구
315,대덕,(주)쿨리오,1지구
316,대덕,(주)큐니온,1지구
317,대덕,(주)클랩엠씨,1지구
318,대덕,(주)클레버로직,1지구
319,대덕,(주)킨웨어,1지구
320,대덕,(주)태산에너지기술,1지구
321,대덕,(주)태울코리아,1지구
322,대덕,(주)테그웨이,1지구
323,대덕,(주)테스트마이다스 ,1지구
324,대덕,(주)테슬라스,1지구
325,대덕,(주)테크체인랩스,1지구
326,대덕,(주)텔레옵틱스,1지구
327,대덕,(주)텔트론,1지구
328,대덕,(주)트리앤링크,1지구
329,대덕,(주)티디지,1지구
330,대덕,(주)티맥,1지구
331,대덕,(주)티보그,1지구
332,대덕,(주)티앤이코리아,1지구
333,대덕,(주)티엔에프에이아이,1지구
334,대덕,(주)티움솔루션즈,1지구
335,대덕,(주)파멥신,1지구
336,대덕,(주)파미,1지구
337,대덕,(주)파블로항공,1지구
338,대덕,(주)파워엔텍,1지구
339,대덕,(주)파이버프로,1지구
340,대덕,(주)파인에스엔에스,1지구
341,대덕,(주)파츠너,1지구
342,대덕,(주)파킹고,1지구
343,대덕,(주)페라메드,1지구
344,대덕,(주)펩트론,1지구
345,대덕,(주)펫박스,1지구
346,대덕,(주)포세듀,1지구
347,대덕,(주)포엠솔루션 대전지사,1지구
348,대덕,(주)폴리체인,1지구
349,대덕,(주)퓨어스피어,1지구
350,대덕,(주)퓨엔텍,1지구
351,대덕,(주)퓨쳐디자인시스템,1지구
352,대덕,(주)프로바이오닉,1지구
353,대덕,(주)프로테인웍스,1지구
354,대덕,(주)플라즈맵,1지구
355,대덕,(주)플랜파트너스,1지구
356,대덕,(주)플레토로보틱스,1지구
357,대덕,(주)피드바이오,1지구
358,대덕,(주)피디케이,1지구
359,대덕,(주)피즐리소프트,1지구
360,대덕,(주)필텍코리아,1지구
361,대덕,(주)하우리,1지구
362,대덕,(주)하이드로비티,1지구
363,대덕,(주)하이로보텍,1지구
364,대덕,(주)하이블루텍,1지구
365,대덕,(주)한국디지털트윈연구소,1지구
366,대덕,(주)한국미디어정보기술,1지구
367,대덕,(주)한국방사선기술연구소,1지구
368,대덕,(주)한국의과학연구원,1지구
369,대덕,(주)한국인삼공사 중앙연구원,1지구
370,대덕,(주)한국프리시전웍스,1지구
371,대덕,(주)한비젼,1지구
372,대덕,(주)한빛레이저,1지구
373,대덕,(주)한수나텍,1지구
374,대덕,(주)한수도로산업,1지구
375,대덕,(주)한컴인스페이스,1지구
376,대덕,(주)항신바이탈,1지구
377,대덕,(주)호영테크,1지구
378,대덕,(주)화성건축사사무소,1지구
379,대덕,(주)후니즈아이테크,1지구
380,대덕,(주)휴마스,1지구
381,대덕,(주)휴빛,1지구
382,대덕,(주)휴턴,1지구
383,대덕,(주)힐리노엘에스,1지구
384,대덕,L&D Inc.,1지구
385,대덕,LG생명과학기술연구원,1지구
386,대덕,SK(주),1지구
387,대덕,SK루브리컨츠(주) Technolog,1지구
388,대덕,SK바이오텍(주),1지구
389,대덕,SK바이오팜(주),1지구
390,대덕,SK배터리시스템즈(주),1지구
391,대덕,SK아이이테크놀로지 주식회사,1지구
392,대덕,SK에너지(주),1지구
393,대덕,SK에너지(주)기술원,1지구
394,대덕,SY태양광발전소1호,1지구
395,대덕,Spacesoft,1지구
396,대덕,VIV International,1지구
397,대덕,lg생명과학기술연구원,1지구
398,대덕,㈜마이크로글로브,1지구
399,대덕,㈜베넷정보기술,1지구
400,대덕,㈜시온텍,1지구
401,대덕,㈜애경소재중앙연구소,1지구
402,대덕,과학기술연합대학원대학교,1지구
403,대덕,광전자(주),1지구
404,대덕,국가기록원,1지구
405,대덕,국립과학수사연구원중부분원,1지구
406,대덕,국립문화유산연구원,1지구
407,대덕,국립중앙과학관,1지구
408,대덕,그린플러스,1지구
409,대덕,글로벌혁신산업연구소,1지구
410,대덕,금강유역환경청,1지구
411,대덕,금양통신,1지구
412,대덕,금호폴리켐,1지구
413,대덕,금호폴리켐(주) 여수공장,1지구
414,대덕,길재소프트 주식회사,1지구
415,대덕,나노메디슨리서치(주),1지구
416,대덕,나노융합산업연구조합,1지구
417,대덕,나리넷(주),1지구
418,대덕,내일테크놀로지,1지구
419,대덕,넷코덱,1지구
420,대덕,넷타겟,1지구
421,대덕,노슨(NOHSN) ,1지구
422,대덕,농업회사법인 보광리소스 주식회사,1지구
423,대덕,다이이치코리아(주),1지구
424,대덕,다임리서치,1지구
425,대덕,닥터하스킨(주),1지구
426,대덕,대덕광학기기,1지구
427,대덕,대덕대학,1지구
428,대덕,대덕전자기계고등학교,1지구
429,대덕,대림산업(주)대덕연구소,1지구
430,대덕,대전과학고등학교,1지구
431,대덕,대전광역시교육청,1지구
432,대덕,대전광역시소방본부,1지구
433,대덕,대전교육과학연구원,1지구
434,대덕,대전신용보증재단,1지구
435,대덕,대전지방기상청,1지구
436,대덕,대전충남kotra지원단,1지구
437,대덕,대케미칼주식회사,1지구
438,대덕,대한무역투자진흥공사대전충남무역관,1지구
439,대덕,더줌,1지구
440,대덕,동부팜한농(주),1지구
441,대덕,동아퓨얼셀주식회사,1지구
442,대덕,두산중공업(주),1지구
443,대덕,드리블 주식회사,1지구
444,대덕,디엘이앤씨 주식회사,1지구
445,대덕,디엘케미칼(주) 대덕연구소,1지구
446,대덕,디자인벨럽,1지구
447,대덕,디케이바이오(주),1지구
448,대덕,라도포스,1지구
449,대덕,라미랩(주),1지구
450,대덕,라보텍(주),1지구
451,대덕,라스텔라,1지구
452,대덕,라치텍,1지구
453,대덕,럼버원랩스(주),1지구
454,대덕,레이저닉스(주),1지구
455,대덕,레이트론(주),1지구
456,대덕,로빈ICT,1지구
457,대덕,롯데이노베이트 주식회사,1지구
458,대덕,롯데케미칼주식회사,1지구
459,대덕,루센트블록,1지구
460,대덕,마이스유니온,1지구
461,대덕,마이크로닉시스템(주),1지구
462,대덕,메타시스템,1지구
463,대덕,명랑시대외식청년창업협동조합,1지구
464,대덕,명이엔지,1지구
465,대덕,모리콘,1지구
466,대덕,모브릭,1지구
467,대덕,모비로,1지구
468,대덕,미코바이오메드,1지구
469,대덕,밀라클,1지구
470,대덕,바른,1지구
471,대덕,바이엠솔루션,1지구
472,대덕,바이오뉴트리젠,1지구
473,대덕,바이오매스연구단,1지구
474,대덕,바이오알앤디(주),1지구
475,대덕,버슘머트리얼즈코리아 주식회사,1지구
476,대덕,보문(주),1지구
477,대덕,뷰넥스,1지구
478,대덕,블록체인시스템,1지구
479,대덕,비아이씨,1지구
480,대덕,비즈플러스,1지구
481,대덕,사운더스트리,1지구
482,대덕,삼성E&A(주),1지구
483,대덕,삼성정밀화학(주)중앙연구소,1지구
484,대덕,삼양데이타시스템,1지구
485,대덕,선박해양플랜트연구소,1지구
486,대덕,세종화학(주),1지구
487,대덕,세진정밀,1지구
488,대덕,센서피아,1지구
489,대덕,센시 주식회사,1지구
490,대덕,소리케어,1지구
491,대덕,소바젠주식회사,1지구
492,대덕,수연테크,1지구
493,대덕,수자원기술주식회사,1지구
494,대덕,슈어데이터랩 주식회사,1지구
495,대덕,슈어소프트테크(주),1지구
496,대덕,스마트비투엠(주),1지구
497,대덕,스마트코어텍,1지구
498,대덕,스카이에스티 주식회사,1지구
499,대덕,시스템게이트(주),1지구
500,대덕,시큐랩,1지구
501,대덕,시크솔루션,1지구
502,대덕,신일정보기술(주),1지구
503,대덕,싸이파마 주식회사,1지구
504,대덕,써니스카이,1지구
505,대덕,쓰리세컨즈,1지구
506,대덕,씨케이클린텍,1지구
507,대덕,아리사이언스,1지구
508,대덕,아스텔(주),1지구
509,대덕,아이디에스 주식회사,1지구
510,대덕,아이비스바이오,1지구
511,대덕,아이쓰리시스템(주),1지구
512,대덕,아이알스펙트라(주),1지구
513,대덕,아이에스티,1지구
514,대덕,아이투엠 주식회사,1지구
515,대덕,알씨와이랩,1지구
516,대덕,알에프에이치아이씨(주),1지구
517,대덕,알티큐어,1지구
518,대덕,알피엠컨트롤(주),1지구
519,대덕,암브로티아,1지구
520,대덕,애경산업(주),1지구
521,대덕,애경케미칼(주),1지구
522,대덕,애경화학(주),1지구
523,대덕,에버그린,1지구
524,대덕,에스와이커뮤니케이션즈,1지구
525,대덕,에스지에너지 주식회사,1지구
526,대덕,에스크랩스,1지구
527,대덕,에스텍아이앤씨(주),1지구
528,대덕,에스티아이 주식회사,1지구
529,대덕,에어드론캠,1지구
530,대덕,에이디엠바이오사이언스(주),1지구
531,대덕,에이디엠티(주),1지구
532,대덕,에이스바이오텍,1지구
533,대덕,에이아이팜,1지구
534,대덕,에이치비이에스,1지구
535,대덕,에이케이켐텍(주),1지구
536,대덕,에이템즈(주),1지구
537,대덕,에코프렌,1지구
538,대덕,엑스엘,1지구
539,대덕,엔박,1지구
540,대덕,엔시스(주),1지구
541,대덕,엔컴퓨터,1지구
542,대덕,엘아이지넥스원주식회사,1지구
543,대덕,엘아이지정밀기술(주),1지구
544,대덕,엘엑스엠엠에이(주),1지구
545,대덕,엘젠테라퓨틱스 주식회사,1지구
546,대덕,엘지하우시스,1지구
547,대덕,엠디하이(주),1지구
548,대덕,엠알그린바이오 주식회사,1지구
549,대덕,엠이엘,1지구
550,대덕,엣지파운드리 주식회사,1지구
551,대덕,연구개발특구진흥재단,1지구
552,대덕,오름테라퓨틱 주식회사,1지구
553,대덕,오케이엠텍(주),1지구
554,대덕,오토실리콘,1지구
555,대덕,오투켐,1지구
556,대덕,오펠솔루션,1지구
557,대덕,올포프로,1지구
558,대덕,용디자인연구소,1지구
559,대덕,우드빌더스(주),1지구
560,대덕,원방포스택,1지구
561,대덕,원자력과학기술인협동조합(CPNE),1지구
562,대덕,원자력안전평가원(주),1지구
563,대덕,원큐어젠 주식회사,1지구
564,대덕,웰트리,1지구
565,대덕,위본스(주),1지구
566,대덕,유니코스(주),1지구
567,대덕,유로상사,1지구
568,대덕,유메인 주식회사,1지구
569,대덕,유에스피,1지구
570,대덕,유엔에이 테크놀러지,1지구
571,대덕,유이엔지(주),1지구
572,대덕,유진기술 주식회사,1지구
573,대덕,유진바이오텍,1지구
574,대덕,은혜 엔지니어링,1지구
575,대덕,이노바이오,1지구
576,대덕,이아이에스(EIS),1지구
577,대덕,이앤지(주),1지구
578,대덕,인그린텍,1지구
579,대덕,인소팩(주),1지구
580,대덕,인스젠 주식회사,1지구
581,대덕,인터켐,1지구
582,대덕,인테오,1지구
583,대덕,인텍나노소재 주식회사,1지구
584,대덕,인투코어테크놀로지,1지구
585,대덕,인포에이엔에스,1지구
586,대덕,인퓨시스,1지구
587,대덕,재단법인 대전과학산업진흥원,1지구
588,대덕,재단법인 대전세종연구원,1지구
589,대덕,재영ENG,1지구
590,대덕,재영이앤지주식회사,1지구
591,대덕,정보통신산업진흥원,1지구
592,대덕,정보통신산업진흥원,1지구
593,대덕,제넥셀세인주식회사,1지구
594,대덕,제이에스씨(주),1지구
595,대덕,제이에스케이바이오메드(주),1지구
596,대덕,제이엔텍주식회사,1지구
597,대덕,조타생활과학연구소,1지구
598,대덕,존스미디어(주),1지구
599,대덕,주식회사 고산테크,1지구
600,대덕,주식회사 공감센서,1지구
601,대덕,주식회사 광바이오,1지구
602,대덕,주식회사 그린방사선,1지구
603,대덕,주식회사 꿈비,1지구
604,대덕,주식회사 나온씨에스,1지구
605,대덕,주식회사 네오비,1지구
606,대덕,주식회사 네오에너지커넥터,1지구
607,대덕,주식회사 넥스플렉스,1지구
608,대덕,주식회사 노바케이메드,1지구
609,대덕,주식회사 노스윅,1지구
610,대덕,주식회사 대한씨엔에스,1지구
611,대덕,주식회사 더블유에스앤씨,1지구
612,대덕,주식회사 더웨이브톡,1지구
613,대덕,주식회사 디브레인,1지구
614,대덕,주식회사 디에스필터,1지구
615,대덕,주식회사 디자인캠프이엠,1지구
616,대덕,주식회사 디저트,1지구
617,대덕,주식회사 디지털센트,1지구
618,대덕,주식회사 디팜스,1지구
619,대덕,주식회사 딥센트,1지구
620,대덕,주식회사 레인보우로보틱스,1지구
621,대덕,주식회사 리피유,1지구
622,대덕,주식회사 마인즈랩,1지구
623,대덕,주식회사 마하넷,1지구
624,대덕,주식회사 맥텍,1지구
625,대덕,주식회사 메디키나바이오,1지구
626,대덕,주식회사 메타3디피,1지구
627,대덕,주식회사 모소,1지구
628,대덕,주식회사 미터랩,1지구
629,대덕,주식회사 베누펫,1지구
630,대덕,주식회사 베러써큘러스,1지구
631,대덕,주식회사 보림파워텍,1지구
632,대덕,주식회사 부성에너지,1지구
633,대덕,주식회사 브릿지헬스케어,1지구
634,대덕,주식회사 블루타일랩,1지구
635,대덕,주식회사 사이언,1지구
636,대덕,주식회사 살루스마린시스템즈,1지구
637,대덕,주식회사 세미안,1지구
638,대덕,주식회사 세종강우,1지구
639,대덕,주식회사 셀리아즈,1지구
640,대덕,주식회사 셀바스헬스케어,1지구
641,대덕,주식회사 솔라트론,1지구
642,대덕,주식회사 솔리드앤이에스,1지구
643,대덕,주식회사 슈거아트,1지구
644,대덕,주식회사 스텔라비전,1지구
645,대덕,주식회사 시너진,1지구
646,대덕,주식회사 시어스제약,1지구
647,대덕,주식회사 심투리얼,1지구
648,대덕,주식회사 쓰리디아이,1지구
649,대덕,주식회사 씨맥,1지구
650,대덕,주식회사 아이리스,1지구
651,대덕,주식회사 알앤디웨어,1지구
652,대덕,주식회사 에스씨바이오,1지구
653,대덕,주식회사 에스큐그리고,1지구
654,대덕,주식회사 에이알티,1지구
655,대덕,주식회사 에이엔비,1지구
656,대덕,주식회사 에이엠파워,1지구
657,대덕,주식회사 엔팩,1지구
658,대덕,주식회사 엘엠프렌즈,1지구
659,대덕,주식회사 엠씨이,1지구
660,대덕,주식회사 엠케이바이오텍,1지구
661,대덕,주식회사 오픈엠,1지구
662,대덕,주식회사 옵티플,1지구
663,대덕,주식회사 와이즈드리밍,1지구
664,대덕,주식회사 요기핀,1지구
665,대덕,주식회사 우성씨앤에스,1지구
666,대덕,주식회사 위즈켐,1지구
667,대덕,주식회사 위코미,1지구
668,대덕,주식회사 위플로,1지구
669,대덕,주식회사 유니인포,1지구
670,대덕,주식회사 이맥케미칼,1지구
671,대덕,주식회사 이스쿠스,1지구
672,대덕,주식회사 이씨큐,1지구
673,대덕,주식회사 이엘,1지구
674,대덕,주식회사 인투와이즈,1지구
675,대덕,주식회사 자원메디칼,1지구
676,대덕,주식회사 제론바이오텍,1지구
677,대덕,주식회사 제이메디진,1지구
678,대덕,주식회사 제이알랩스,1지구
679,대덕,주식회사 제이어스,1지구
680,대덕,주식회사 조은꿈,1지구
681,대덕,주식회사 지슨텍,1지구
682,대덕,주식회사 지오코리아,1지구
683,대덕,주식회사 지투지바이오,1지구
684,대덕,주식회사 진코어,1지구
685,대덕,주식회사 카이노스메드,1지구
686,대덕,주식회사 칸세라,1지구
687,대덕,"주식회사 코프(KORF, Inc)",1지구
688,대덕,주식회사 큐라클,1지구
689,대덕,주식회사 크레블,1지구
690,대덕,주식회사 토르 테라퓨틱스,1지구
691,대덕,주식회사 토모큐브,1지구
692,대덕,주식회사 트위니,1지구
693,대덕,주식회사 티디에스이노베이션,1지구
694,대덕,주식회사 티알,1지구
695,대덕,주식회사 파워링크,1지구
696,대덕,주식회사 파티클라,1지구
697,대덕,주식회사 펀아트,1지구
698,대덕,주식회사 푸르네존,1지구
699,대덕,주식회사 플랫폼앤,1지구
700,대덕,주식회사 피디젠,1지구
701,대덕,주식회사 피코팩,1지구
702,대덕,주식회사 하이드로엑스팬드,1지구
703,대덕,주식회사 하이퍼스페이스,1지구
704,대덕,주식회사 한국엔지니어링웍스,1지구
705,대덕,주식회사 한스파마,1지구
706,대덕,주식회사 한컴어썸텍,1지구
707,대덕,주식회사 허브티,1지구
708,대덕,주식회사 헬스리안,1지구
709,대덕,주식회사 휴룩스,1지구
710,대덕,주식회사노후,1지구
711,대덕,주식회사데브스택,1지구
712,대덕,주식회사디앤티,1지구
713,대덕,주식회사마그네타,1지구
714,대덕,주식회사부품디비,1지구
715,대덕,주식회사아벤티,1지구
716,대덕,주식회사와이파워원,1지구
717,대덕,주식회사워터트리네즈,1지구
718,대덕,주식회사파이솔루션테크놀로지,1지구
719,대덕,주식회사폴리솔루션테크,1지구
720,대덕,주식회사프로티나,1지구
721,대덕,죽동태양광발전소,1지구
722,대덕,중소기업진흥공단 ,1지구
723,대덕,중소기업진흥공단대전충남지역본부 ,1지구
724,대덕,중원HR컨설팅 주식회사,1지구
725,대덕,지앤엘(주),1지구
726,대덕,지앨에스 주식회사,1지구
727,대덕,지에스칼텍스주식회사,1지구
728,대덕,지엔소프트(주),1지구
729,대덕,지엠씨(ZMC),1지구
730,대덕,지오바이오텍(주),1지구
731,대덕,지최일만,1지구
732,대덕,지펙엔지니어링(주),1지구
733,대덕,창신정보통신(주),1지구
734,대덕,창업진흥원,1지구
735,대덕,카이스트아이피(주),1지구
736,대덕,캐비트론(주),1지구
737,대덕,케이비와이퍼시스템(주),1지구
738,대덕,케이앱바이오,1지구
739,대덕,케이원트러스트,1지구
740,대덕,케이지씨예본,1지구
741,대덕,코닉오토메이션(주),1지구
742,대덕,코스모스랩,1지구
743,대덕,콕스랩 기술연구소,1지구
744,대덕,콜마비앤에이치(주),1지구
745,대덕,클라이메이트주식회사,1지구
746,대덕,탑스커뮤니케이션주식회사,1지구
747,대덕,테크팜,1지구
748,대덕,토지주택연구원,1지구
749,대덕,토털솔루션,1지구
750,대덕,티아이지코리아(주),1지구
751,대덕,파낙스시스템주식회사,1지구
752,대덕,파동에너지극한제어연구단,1지구
753,대덕,파란시큐어,1지구
754,대덕,팜커넥트(주),1지구
755,대덕,팬옵틱스,1지구
756,대덕,페인트팜(주),1지구
757,대덕,폴리미래주식회사대덕연구소,1지구
758,대덕,푸투라소프트,1지구
759,대덕,퓨리센스 주식회사,1지구
760,대덕,퓨어만(주),1지구
761,대덕,플랜제이,1지구
762,대덕,피코파운드리,1지구
763,대덕,피티피,1지구
764,대덕,하나솔루션 ,1지구
765,대덕,하이테콤시스템(주),1지구
766,대덕,한국과학기술원,1지구
767,대덕,한국과학기술정보연구원,1지구
768,대덕,한국과학재단,1지구
769,대덕,한국광학기계(주),1지구
770,대덕,한국기초과학지원연구원,1지구
771,대덕,한국넥슬렌 유한회사,1지구
772,대덕,한국바스프,1지구
773,대덕,한국방사성폐기물관리공단,1지구
774,대덕,한국방사성폐기물학회,1지구
775,대덕,한국산업안전보건공단 산업안전보건연구원,1지구
776,대덕,한국생명공학연구원,1지구
777,대덕,한국서부발전,1지구
778,대덕,한국센서연구소 주식회사,1지구
779,대덕,한국수력원자력(주),1지구
780,대덕,한국수자원공사,1지구
781,대덕,한국에너지기술연구원,1지구
782,대덕,한국에너지솔루션주식회사,1지구
783,대덕,한국연구재단,1지구
784,대덕,한국원자력안전기술원,1지구
785,대덕,한국원자력연구원,1지구
786,대덕,한국원자력통제기술원,1지구
787,대덕,"한국전력공사(전력연구원, 설비진단처)",1지구
788,대덕,한국전력공사전력연구원,1지구
789,대덕,한국전자통신연구원,1지구
790,대덕,한국조폐공사 기술연구원,1지구
791,대덕,"한국조폐공사(본사, 기술연구원)",1지구
792,대덕,한국타이어(주)중앙연구소,1지구
793,대덕,한국타이어앤테크놀러지,1지구
794,대덕,한국표준과학연구원,1지구
795,대덕,한국한의학연구원,1지구
796,대덕,한국항공우주연구원,1지구
797,대덕,한국화학연구원,1지구
798,대덕,한남대학교 ,1지구
799,대덕,한남바이오(주),1지구
800,대덕,한선에스티 주식회사,1지구
801,대덕,한스산업(주),1지구
802,대덕,한스텍주식회사,1지구
803,대덕,한양이엔지(주),1지구
804,대덕,한일시멘트(주),1지구
805,대덕,한전KDN,1지구
806,대덕,한전원자력연료(주),1지구
807,대덕,한화솔루션(주)중앙연구소,1지구
808,대덕,한화에어로스페이스(주),1지구
809,대덕,한화인텔리전스 주식회사,1지구
810,대덕,한화첨단소재(주),1지구
811,대덕,한화컴파운드(주),1지구
812,대덕,한화하이테크,1지구
813,대덕,핵융합연구센터,1지구
814,대덕,화학물질안전원,1지구
815,대덕,환경과에너지,1지구
816,대덕,환경플라즈마(주),1지구
817,대덕,(사)대한산업안전협회 대전지회,2지구
818,대덕,(사)이노폴리스벤처협회,2지구
819,대덕,(유)호정솔루션,2지구
820,대덕,(재)대전지역산업진흥원,2지구
821,대덕,(재)장애인기업종합지원센터,2지구
822,대덕,(재)중앙문화유산연구원,2지구
823,대덕,(주) 나노텍,2지구
824,대덕,(주) 디앤텍,2지구
825,대덕,(주) 리얼타임테크,2지구
826,대덕,(주) 바이크로닉스,2지구
827,대덕,(주) 삼동 기술연구소,2지구
828,대덕,(주) 씨더스,2지구
829,대덕,(주) 아이앤테크,2지구
830,대덕,(주) 에이투젠,2지구
831,대덕,(주) 피플칼라,2지구
832,대덕,(주)O&M KOREA,2지구
833,대덕,(주)PL,2지구
834,대덕,(주)SAP분석평가연구소,2지구
835,대덕,(주)가스로드,2지구
836,대덕,(주)가인정보기술,2지구
837,대덕,(주)강동테크,2지구
838,대덕,(주)게스,2지구
839,대덕,(주)골프존,2지구
840,대덕,(주)골프존네트웍스,2지구
841,대덕,(주)관평기술,2지구
842,대덕,(주)광진정밀,2지구
843,대덕,(주)구버넷,2지구
844,대덕,(주)그린솔,2지구
845,대덕,(주)그린아그로,2지구
846,대덕,(주)그린칠러,2지구
847,대덕,(주)그린퓨어,2지구
848,대덕,(주)글라렉스,2지구
849,대덕,(주)글로벌시스템스,2지구
850,대덕,(주)글로보테크,2지구
851,대덕,(주)글루진테라퓨틱스,2지구
852,대덕,(주)금강이티에프,2지구
853,대덕,(주)금빛기술,2지구
854,대덕,(주)금오강재,2지구
855,대덕,(주)금호엔티시,2지구
856,대덕,(주)까뮤,2지구
857,대덕,(주)나노뉴텍,2지구
858,대덕,(주)나노시스,2지구
859,대덕,(주)나노신소재,2지구
860,대덕,(주)나노신소재,2지구
861,대덕,(주)나노종합연구소,2지구
862,대덕,(주)나노헬릭스,2지구
863,대덕,(주)나우소프트,2지구
864,대덕,(주)남정디앤피,2지구
865,대덕,(주)네스랩,2지구
866,대덕,(주)네스앤텍,2지구
867,대덕,(주)네스트,2지구
868,대덕,(주)네오세라,2지구
869,대덕,(주)네오텍소프트,2지구
870,대덕,(주)네오팜,2지구
871,대덕,(주)네오플러스,2지구
872,대덕,(주)네추럴에프앤피,2지구
873,대덕,(주)넥센서,2지구
874,대덕,(주)넥스웨이브,2지구
875,대덕,(주)넥스컴글로벌,2지구
876,대덕,(주)넥스트론,2지구
877,대덕,(주)넥스트필름,2지구
878,대덕,(주)노다지에너텍,2지구
879,대덕,(주)노바락토,2지구
880,대덕,(주)누리종합기술단,2지구
881,대덕,(주)누리텍,2지구
882,대덕,(주)뉴로마인,2지구
883,대덕,(주)뉴씨텍,2지구
884,대덕,(주)뉴웰,2지구
885,대덕,(주)뉴웰솔루션,2지구
886,대덕,(주)뉴테스,2지구
887,대덕,(주)님버스,2지구
888,대덕,(주)다룡네트웍스,2지구
889,대덕,(주)다린,2지구
890,대덕,(주)다성하이테크,2지구
891,대덕,(주)다올,2지구
892,대덕,(주)다인인더스,2지구
893,대덕,(주)다인테크,2지구
894,대덕,(주)단단,2지구
895,대덕,(주)단단광학,2지구
896,대덕,(주)달스코리아,2지구
897,대덕,(주)대경이앤씨,2지구
898,대덕,(주)대곤코퍼레이션,2지구
899,대덕,(주)대농시스템,2지구
900,대덕,(주)대덕기술,2지구
901,대덕,(주)대덕넷,2지구
902,대덕,(주)대덕랩코,2지구
903,대덕,(주)대덕아이엠티,2지구
904,대덕,(주)대덕하이테크,2지구
905,대덕,(주)대용이엔지,2지구
906,대덕,(주)대원테크,2지구
907,대덕,(주)대청엔지니어링,2지구
908,대덕,(주)더나인칼라,2지구
909,대덕,(주)더마이스터,2지구
910,대덕,(주)더수,2지구
911,대덕,(주)더엘케이,2지구
912,대덕,(주)더오션,2지구
913,대덕,(주)더카본스튜디오,2지구
914,대덕,(주)더한기술,2지구
915,대덕,(주)덕산테코피아,2지구
916,대덕,(주)덕인,2지구
917,대덕,(주)덴하우스,2지구
918,대덕,(주)동남,2지구
919,대덕,(주)동양테크,2지구
920,대덕,(주)동우텍,2지구
921,대덕,(주)동우환경기술연구원,2지구
922,대덕,(주)두루트로닉스,2지구
923,대덕,(주)두시텍,2지구
924,대덕,(주)두타기술,2지구
925,대덕,(주)듀오픽스레이,2지구
926,대덕,(주)듀코,2지구
927,대덕,(주)드라이텍,2지구
928,대덕,(주)드론테크,2지구
929,대덕,(주)드림시큐리티,2지구
930,대덕,(주)드림시큐리티대전공장,2지구
931,대덕,(주)드림티엔에스,2지구
932,대덕,(주)디넥스,2지구
933,대덕,(주)디버프리,2지구
934,대덕,(주)디비넥스트,2지구
935,대덕,(주)디씨아이,2지구
936,대덕,(주)디씨에스텍,2지구
937,대덕,(주)디아메스코,2지구
938,대덕,(주)디앤디테크,2지구
939,대덕,(주)디에스아이,2지구
940,대덕,(주)디엠에스 테크,2지구
941,대덕,(주)디엠엑스,2지구
942,대덕,(주)디엠티,2지구
943,대덕,(주)디오페인트,2지구
944,대덕,(주)라드피온,2지구
945,대덕,(주)라스테크,2지구
946,대덕,(주)라이스비젼,2지구
947,대덕,(주)라이즈글로벌,2지구
948,대덕,(주)라인월드,2지구
949,대덕,(주)락싸,2지구
950,대덕,(주)레드아이골프,2지구
951,대덕,(주)레이다앤스페이스,2지구
952,대덕,(주)렉스테크놀러지,2지구
953,대덕,(주)로임시스템,2지구
954,대덕,(주)로컬애드시스,2지구
955,대덕,(주)로타렉스루스테크,2지구
956,대덕,(주)로하스테크,2지구
957,대덕,(주)루맥스에어로스페이스,2지구
958,대덕,(주)리 모빌리티,2지구
959,대덕,(주)리소텍,2지구
960,대덕,(주)리얼텍,2지구
961,대덕,(주)리즈바이오텍,2지구
962,대덕,(주)리피스,2지구
963,대덕,(주)링스컴퓨팅시스템즈,2지구
964,대덕,(주)링크소프트,2지구
965,대덕,(주)마린이노텍,2지구
966,대덕,(주)마이크로인피니티,2지구
967,대덕,(주)마케팅플랫폼연구소,2지구
968,대덕,(주)매그플러스,2지구
969,대덕,(주)맥컨,2지구
970,대덕,(주)멀틱스,2지구
971,대덕,(주)메그노시스,2지구
972,대덕,(주)메드온,2지구
973,대덕,(주)메디스,2지구
974,대덕,(주)메디오스,2지구
975,대덕,(주)메리트,2지구
976,대덕,(주)메타3,2지구
977,대덕,(주)메탈랩,2지구
978,대덕,(주)멤스룩스,2지구
979,대덕,(주)멥스,2지구
980,대덕,(주)명진,2지구
981,대덕,(주)명진뉴텍,2지구
982,대덕,(주)모듈싸이,2지구
983,대덕,(주)모바일로우,2지구
984,대덕,(주)모션텍,2지구
985,대덕,(주)모쓰,2지구
986,대덕,(주)미건의료기,2지구
987,대덕,(주)미건의료기,2지구
988,대덕,(주)미들테크,2지구
989,대덕,(주)미디온,2지구
990,대덕,(주)미래시스템,2지구
991,대덕,(주)미래엔,2지구
992,대덕,(주)미래엔지니어링,2지구
993,대덕,(주)미래텍,2지구
994,대덕,(주)미성과학기기,2지구
995,대덕,(주)미소진,2지구
996,대덕,(주)바론,2지구
997,대덕,(주)바이엠텍,2지구
998,대덕,(주)바이오니아,2지구
999,대덕,(주)바이오쏠라스톤,2지구
1000,대덕,(주)바이오알앤즈,2지구
1001,대덕,(주)바이오제닉스,2지구
1002,대덕,(주)바이오큐어팜,2지구
1003,대덕,(주)바이오팩트,2지구
1004,대덕,(주)바이오프랜즈,2지구
1005,대덕,(주)바이오프로젠,2지구
1006,대덕,(주)바이오프로텍,2지구
1007,대덕,(주)바이오피에스,2지구
1008,대덕,(주)바인딩,2지구
1009,대덕,(주)방산테크,2지구
1010,대덕,(주)배이스닷컴,2지구
1011,대덕,(주)백상엔지니어링,2지구
1012,대덕,(주)베델바이오테크,2지구
1013,대덕,(주)베텍,2지구
1014,대덕,(주)벤텍,2지구
1015,대덕,(주)볼텍스인터내셔널,2지구
1016,대덕,(주)볼트닉스,2지구
1017,대덕,(주)부강테크,2지구
1018,대덕,(주)분자와물질,2지구
1019,대덕,(주)브레인기어,2지구
1020,대덕,(주)브이티에스,2지구
1021,대덕,(주)블루마운트코리아,2지구
1022,대덕,(주)블루마운트테크놀러지,2지구
1023,대덕,(주)블루스퀘어,2지구
1024,대덕,(주)블루시스,2지구
1025,대덕,(주)블루앤,2지구
1026,대덕,(주)비아이지,2지구
1027,대덕,(주)비앤비컴퍼니,2지구
1028,대덕,(주)비에스알코리아,2지구
1029,대덕,(주)비엠시스,2지구
1030,대덕,(주)비엠시스,2지구
1031,대덕,(주)비엠웍스,2지구
1032,대덕,(주)비전과학,2지구
1033,대덕,(주)비즈웨이,2지구
1034,대덕,(주)비즈인바이오,2지구
1035,대덕,(주)비즈크리에이터,2지구
1036,대덕,(주)비지텍,2지구
1037,대덕,(주)비커널,2지구
1038,대덕,(주)비트버스,2지구
1039,대덕,(주)비티진,2지구
1040,대덕,(주)비티하이드로,2지구
1041,대덕,(주)사라,2지구
1042,대덕,(주)살림원,2지구
1043,대덕,(주)삼영,2지구
1044,대덕,(주)삼우테크,2지구
1045,대덕,(주)삼인에이치엔티,2지구
1046,대덕,(주)삼한,2지구
1047,대덕,(주)상상이룸,2지구
1048,대덕,(주)새온,2지구
1049,대덕,(주)샤인,2지구
1050,대덕,(주)서강통신,2지구
1051,대덕,(주)서광시스템,2지구
1052,대덕,(주)서당아,2지구
1053,대덕,(주)서우일렉트론,2지구
1054,대덕,(주)서진정보기술,2지구
1055,대덕,(주)선영시스텍,2지구
1056,대덕,(주)설텍,2지구
1057,대덕,(주)성광이엔에프,2지구
1058,대덕,(주)성신엔스텍,2지구
1059,대덕,(주)성운이엔지,2지구
1060,대덕,(주)성진에스이,2지구
1061,대덕,(주)성창하이텍,2지구
1062,대덕,(주)세계에스엠티,2지구
1063,대덕,(주)세기에어시스템,2지구
1064,대덕,(주)세와비전,2지구
1065,대덕,(주)세원정공,2지구
1066,대덕,(주)세화,2지구
1067,대덕,(주)센코,2지구
1068,대덕,(주)셀라피바이오,2지구
1069,대덕,(주)소리대장간,2지구
1070,대덕,(주)소마바이오,2지구
1071,대덕,(주)소암컨설턴트,2지구
1072,대덕,(주)소토비젼,2지구
1073,대덕,(주)솔루닉스코리아,2지구
1074,대덕,(주)솔루레이,2지구
1075,대덕,(주)솔루션링크,2지구
1076,대덕,(주)솔미테크,2지구
1077,대덕,(주)솔잎기술,2지구
1078,대덕,(주)솔프로,2지구
1079,대덕,(주)수아,2지구
1080,대덕,(주)수안아이테크,2지구
1081,대덕,(주)수퍼센츄리,2지구
1082,대덕,(주)스마텍,2지구
1083,대덕,(주)스마텍이앤씨,2지구
1084,대덕,(주)스마트앤코,2지구
1085,대덕,(주)스맥,2지구
1086,대덕,(주)스몰랩,2지구
1087,대덕,(주)스몰머신즈,2지구
1088,대덕,(주)스카이테라퓨틱스,2지구
1089,대덕,(주)스킨리더,2지구
1090,대덕,(주)스킨메드,2지구
1091,대덕,(주)스탠딩톨,2지구
1092,대덕,(주)스페이스솔루션,2지구
1093,대덕,(주)스픽썸,2지구
1094,대덕,(주)스핀텔레콤,2지구
1095,대덕,(주)시드플로우,2지구
1096,대덕,(주)시선테라퓨틱스,2지구
1097,대덕,(주)시소디앤유,2지구
1098,대덕,(주)시스웍,2지구
1099,대덕,(주)시스템뱅크,2지구
1100,대덕,(주)시스피아,2지구
1101,대덕,(주)시정,2지구
1102,대덕,(주)신우테크,2지구
1103,대덕,(주)신원이앤씨,2지구
1104,대덕,(주)신일,2지구
1105,대덕,(주)신코,2지구
1106,대덕,(주)신화기계,2지구
1107,대덕,(주)심명제약,2지구
1108,대덕,(주)썬에어로시스,2지구
1109,대덕,(주)쎄일윈,2지구
1110,대덕,(주)쓰리샤인,2지구
1111,대덕,(주)쓰리에버,2지구
1112,대덕,(주)쓰리포인트덴탈,2지구
1113,대덕,(주)씨비비,2지구
1114,대덕,(주)씨앤지 마이크로웨이브,2지구
1115,대덕,(주)씨앤포스,2지구
1116,대덕,(주)씨에스더블유,2지구
1117,대덕,(주)씨엔아이코리아,2지구
1118,대덕,(주)씨엔아이티,2지구
1119,대덕,(주)씨엔케이,2지구
1120,대덕,(주)씨엠아이,2지구
1121,대덕,(주)씨엠피,2지구
1122,대덕,(주)씨투씨소재,2지구
1123,대덕,(주)씨티케이,2지구
1124,대덕,(주)아루다,2지구
1125,대덕,(주)아스카넷,2지구
1126,대덕,(주)아신산업,2지구
1127,대덕,(주)아이넷테크,2지구
1128,대덕,(주)아이누션,2지구
1129,대덕,(주)아이뉴정보통신,2지구
1130,대덕,(주)아이디스,2지구
1131,대덕,(주)아이리스닷넷,2지구
1132,대덕,(주)아이비에스,2지구
1133,대덕,(주)아이소텍,2지구
1134,대덕,(주)아이앤시티,2지구
1135,대덕,(주)아이엠엔에스,2지구
1136,대덕,(주)아이코리아,2지구
1137,대덕,(주)아이티베인,2지구
1138,대덕,(주)아이티시,2지구
1139,대덕,(주)아이티시 지점,2지구
1140,대덕,(주)아이티인프라,2지구
1141,대덕,(주)아이티존,2지구
1142,대덕,(주)아이티코리아,2지구
1143,대덕,(주)아이플러스이엔지,2지구
1144,대덕,(주)아트라스배터리,2지구
1145,대덕,(주)안지오랩,2지구
1146,대덕,(주)알씨엔,2지구
1147,대덕,(주)알씨테크,2지구
1148,대덕,(주)알앤비,2지구
1149,대덕,(주)알에프트론,2지구
1150,대덕,(주)알엔테크,2지구
1151,대덕,(주)알이텍,2지구
1152,대덕,(주)알지비텍,2지구
1153,대덕,(주)알토란연구소,2지구
1154,대덕,(주)알투소프트,2지구
1155,대덕,(주)알티앤에스,2지구
1156,대덕,(주)알피엠텍,2지구
1157,대덕,(주)알피캐스트,2지구
1158,대덕,(주)애드소닉,2지구
1159,대덕,(주)액스비스,2지구
1160,대덕,(주)액트,2지구
1161,대덕,(주)앤에스,2지구
1162,대덕,(주)에니바이오,2지구
1163,대덕,(주)에드모텍,2지구
1164,대덕,(주)에버정보기술,2지구
1165,대덕,(주)에스씨앤티,2지구
1166,대덕,(주)에스씨테크,2지구
1167,대덕,(주)에스씨텍,2지구
1168,대덕,(주)에스알,2지구
1169,대덕,(주)에스앤에스레볼루션,2지구
1170,대덕,(주)에스앤에스레볼루션,2지구
1171,대덕,(주)에스앤에이치 바이오텍,2지구
1172,대덕,(주)에스앤지라이프,2지구
1173,대덕,(주)에스앤티소프트,2지구
1174,대덕,(주)에스앤피이,2지구
1175,대덕,(주)에스에너지,2지구
1176,대덕,(주)에스에너지,2지구
1177,대덕,(주)에스에너지,2지구
1178,대덕,(주)에스에이치테크,2지구
1179,대덕,(주)에스엔알,2지구
1180,대덕,(주)에스엘디,2지구
1181,대덕,(주)에스엘엠,2지구
1182,대덕,(주)에스엠나노바이오,2지구
1183,대덕,(주)에스이이엔지,2지구
1184,대덕,(주)에스이케이,2지구
1185,대덕,(주)에스케이솔라에너지,2지구
1186,대덕,(주)에스티에이치,2지구
1187,대덕,(주)에스플러스텍,2지구
1188,대덕,(주)에스피에스,2지구
1189,대덕,(주)에어로매스터,2지구
1190,대덕,(주)에어로원시스템,2지구
1191,대덕,(주)에어포인트 ,2지구
1192,대덕,(주)에이디솔루션,2지구
1193,대덕,(주)에이아이컨트롤,2지구
1194,대덕,(주)에이알브릿지,2지구
1195,대덕,(주)에이앤이,2지구
1196,대덕,(주)에이에스비,2지구
1197,대덕,(주)에이엔티이십일,2지구
1198,대덕,(주)에이엠솔루션즈,2지구
1199,대덕,(주)에이엠아이,2지구
1200,대덕,(주)에이엠피,2지구
1201,대덕,(주)에이치아이엠,2지구
1202,대덕,(주)에이치앤티,2지구
1203,대덕,(주)에이치엔에이치,2지구
1204,대덕,(주)에이치와이엔지니어링,2지구
1205,대덕,(주)에이치피씨랩,2지구
1206,대덕,(주)에이텍정보기술,2지구
1207,대덕,(주)에이티엔,2지구
1208,대덕,(주)에이티지,2지구
1209,대덕,(주)에이티피,2지구
1210,대덕,(주)에잇스니핏,2지구
1211,대덕,(주)에즈웰,2지구
1212,대덕,(주)에코티스,2지구
1213,대덕,(주)에프비지월드,2지구
1214,대덕,(주)에프씨유,2지구
1215,대덕,(주)에프에스,2지구
1216,대덕,(주)에프에이플러스,2지구
1217,대덕,(주)에프엔피파트너스,2지구
1218,대덕,(주)엑센,2지구
1219,대덕,(주)엑스큐시스템,2지구
1220,대덕,(주)엔디에이코리아,2지구
1221,대덕,(주)엔바이로코리아,2지구
1222,대덕,(주)엔바이온,2지구
1223,대덕,(주)엔비유,2지구
1224,대덕,(주)엔솔바이오사이언스,2지구
1225,대덕,(주)엔씨디,2지구
1226,대덕,(주)엔씨디,2지구
1227,대덕,(주)엔씨씨,2지구
1228,대덕,(주)엔에스엠,2지구
1229,대덕,(주)엔에이티,2지구
1230,대덕,(주)엔엑스소프트,2지구
1231,대덕,(주)엔엘그린텍,2지구
1232,대덕,(주)엔텍,2지구
1233,대덕,(주)엘센,2지구
1234,대덕,(주)엘씨비티,2지구
1235,대덕,(주)엘앤피아너스,2지구
1236,대덕,(주)엘에스텍,2지구
1237,대덕,(주)엘에스트론,2지구
1238,대덕,(주)엘엔,2지구
1239,대덕,(주)엘이디밸리,2지구
1240,대덕,(주)엘지생활건강,2지구
1241,대덕,(주)엘케이하우징,2지구
1242,대덕,(주)엘테크,2지구
1243,대덕,(주)엘투케이플러스,2지구
1244,대덕,(주)엘트리,2지구
1245,대덕,(주)엘퓨젼옵틱스,2지구
1246,대덕,(주)엠디아이테크,2지구
1247,대덕,(주)엠디에이,2지구
1248,대덕,(주)엠쏘텍,2지구
1249,대덕,(주)엠쓰리케이,2지구
1250,대덕,(주)엠아이디,2지구
1251,대덕,(주)엠에스엘,2지구
1252,대덕,(주)엠이엘텔레콤,2지구
1253,대덕,(주)엠이티,2지구
1254,대덕,(주)엠지케이테크,2지구
1255,대덕,(주)엠케이바이오,2지구
1256,대덕,(주)엠케이코리아,2지구
1257,대덕,(주)엠큐빅,2지구
1258,대덕,(주)엠텍,2지구
1259,대덕,(주)엠티에프코리아,2지구
1260,대덕,(주)엠티지,2지구
1261,대덕,(주)엠티티,2지구
1262,대덕,(주)엠피에스,2지구
1263,대덕,(주)엠피위즈,2지구
1264,대덕,(주)연무기술,2지구
1265,대덕,(주)연엔지니어링,2지구
1266,대덕,(주)영진그린,2지구
1267,대덕,(주)영진스마트,2지구
1268,대덕,(주)예솔테크,2지구
1269,대덕,(주)오공헤나,2지구
1270,대덕,(주)오렌지파워,2지구
1271,대덕,(주)오백화물,2지구
1272,대덕,(주)오성전자,2지구
1273,대덕,(주)오션소프트,2지구
1274,대덕,(주)오케이온골프,2지구
1275,대덕,(주)오코스모스,2지구
1276,대덕,(주)오플렉스,2지구
1277,대덕,(주)온더시스,2지구
1278,대덕,(주)올데이팜,2지구
1279,대덕,(주)와이넷,2지구
1280,대덕,(주)와이바이오로직스,2지구
1281,대덕,(주)와이에스테크,2지구
1282,대덕,(주)와이엔디케이,2지구
1283,대덕,(주)와이젯,2지구
1284,대덕,(주)와이테크,2지구
1285,대덕,(주)우석엔지니어링,2지구
1286,대덕,(주)우선,2지구
1287,대덕,(주)우성바이오플랜트,2지구
1288,대덕,(주)우성테크,2지구
1289,대덕,(주)우성하이백,2지구
1290,대덕,(주)우솔환경연구원,2지구
1291,대덕,(주)욱성미디어,2지구
1292,대덕,(주)운안텍,2지구
1293,대덕,(주)웅진에너지,2지구
1294,대덕,(주)워터네트웍스,2지구
1295,대덕,(주)워터제네시스,2지구
1296,대덕,(주)원에프티,2지구
1297,대덕,(주)원테크,2지구
1298,대덕,(주)월드개발,2지구
1299,대덕,(주)월드에이티,2지구
1300,대덕,(주)웨이브웨어,2지구
1301,대덕,(주)위런텍,2지구
1302,대덕,(주)위플랫,2지구
1303,대덕,(주)윈아이티,2지구
1304,대덕,(주)윈앤윈,2지구
1305,대덕,(주)윈플러스 ,2지구
1306,대덕,(주)윌럭스,2지구
1307,대덕,(주)유니버설에어로앤트레이딩,2지구
1308,대덕,(주)유니아시스,2지구
1309,대덕,(주)유니텍스,2지구
1310,대덕,(주)유니템,2지구
1311,대덕,(주)유미테크,2지구
1312,대덕,(주)유비엔씨,2지구
1313,대덕,(주)유사이언스,2지구
1314,대덕,(주)유솔,2지구
1315,대덕,(주)유아이에스,2지구
1316,대덕,(주)유아이피,2지구
1317,대덕,(주)유엠로직스,2지구
1318,대덕,(주)유원플렛폼,2지구
1319,대덕,(주)유토비즈,2지구
1320,대덕,(주)이건테크,2지구
1321,대덕,(주)이끌레오,2지구
1322,대덕,(주)이노바이오써지,2지구
1323,대덕,(주)이노벤텍,2지구
1324,대덕,(주)이노보테라퓨틱스,2지구
1325,대덕,(주)이노브바이오,2지구
1326,대덕,(주)이노템즈,2지구
1327,대덕,(주)이노티아이에이,2지구
1328,대덕,(주)이덴테크,2지구
1329,대덕,(주)이디엠에프지,2지구
1330,대덕,(주)이랩,2지구
1331,대덕,(주)이랩코리아 ,2지구
1332,대덕,(주)이레솔루션,2지구
1333,대덕,(주)이루자,2지구
1334,대덕,(주)이륙파워테크,2지구
1335,대덕,(주)이비에스테크,2지구
1336,대덕,(주)이서,2지구
1337,대덕,(주)이손,2지구
1338,대덕,(주)이스텍,2지구
1339,대덕,(주)이스트포토닉스,2지구
1340,대덕,(주)이쓰리,2지구
1341,대덕,(주)이앤이켐,2지구
1342,대덕,(주)이에스지케이,2지구
1343,대덕,(주)이엔씨스,2지구
1344,대덕,(주)이엔이,2지구
1345,대덕,(주)이온누리,2지구
1346,대덕,(주)이와,2지구
1347,대덕,(주)이음이엔지,2지구
1348,대덕,(주)이젠크리쳐,2지구
1349,대덕,(주)이지닉스,2지구
1350,대덕,(주)이토피아,2지구
1351,대덕,(주)이티에스,2지구
1352,대덕,(주)이화하이텍,2지구
1353,대덕,(주)인게니움테라퓨틱스,2지구
1354,대덕,(주)인스텍,2지구
1355,대덕,(주)인유비즈,2지구
1356,대덕,(주)인챌베이스,2지구
1357,대덕,(주)인텍플러스,2지구
1358,대덕,(주)인트론바이오테크놀로지,2지구
1359,대덕,(주)인포메이드,2지구
1360,대덕,(주)인피니티랩스,2지구
1361,대덕,(주)인핸스유,2지구
1362,대덕,(주)인환경디자인연구소,2지구
1363,대덕,(주)일신오토클레이브,2지구
1364,대덕,(주)자이솜,2지구
1365,대덕,(주)자인폴리켐,2지구
1366,대덕,(주)자인폴리켐,2지구
1367,대덕,(주)작은거인,2지구
1368,대덕,(주)장터미디어플러스,2지구
1369,대덕,(주)재원티앤에스,2지구
1370,대덕,(주)정원기술,2지구
1371,대덕,(주)정진하이테크,2지구
1372,대덕,(주)제넷바이오,2지구
1373,대덕,(주)제니컴,2지구
1374,대덕,(주)제이쓰리씨,2지구
1375,대덕,(주)제이아이티솔루션,2지구
1376,대덕,(주)제이앤디테크,2지구
1377,대덕,(주)제이에스이앤이,2지구
1378,대덕,(주)제이에스정보통,2지구
1379,대덕,(주)제이에이치케이메디컬사이언스,2지구
1380,대덕,(주)제이오이엔지,2지구
1381,대덕,(주)제이오텍,2지구
1382,대덕,(주)제이제이랩,2지구
1383,대덕,(주)제이케이네트워크,2지구
1384,대덕,(주)젠닥스,2지구
1385,대덕,(주)젠스엔지니어링,2지구
1386,대덕,(주)젠스템,2지구
1387,대덕,(주)젠틸리언,2지구
1388,대덕,(주)조앤유,2지구
1389,대덕,(주)조은브이엔씨,2지구
1390,대덕,(주)조은테크,2지구
1391,대덕,(주)조현두아이앤디,2지구
1392,대덕,(주)중부에스티,2지구
1393,대덕,(주)중앙진공,2지구
1394,대덕,(주)지노스,2지구
1395,대덕,(주)지디엔텍,2지구
1396,대덕,(주)지디엘시스템,2지구
1397,대덕,(주)지란지교데이터,2지구
1398,대덕,(주)지란지교시큐리티,2지구
1399,대덕,(주)지론텍,2지구
1400,대덕,(주)지비아이,2지구
1401,대덕,(주)지앤씨,2지구
1402,대덕,(주)지앤씨엔지니어링,2지구
1403,대덕,(주)지앤에스인터내셔널,2지구
1404,대덕,(주)지에스더블유이엔지,2지구
1405,대덕,(주)지에스테크,2지구
1406,대덕,(주)지에이치바이오텍,2지구
1407,대덕,(주)지에이티,2지구
1408,대덕,(주)지엔에스엔지니어링,2지구
1409,대덕,(주)지엔이씨,2지구
1410,대덕,(주)지엔피시스템,2지구
1411,대덕,(주)지엘바이오테크,2지구
1412,대덕,(주)지엘코어,2지구
1413,대덕,(주)지엘테크,2지구
1414,대덕,(주)지엠건모,2지구
1415,대덕,(주)지올코리아,2지구
1416,대덕,(주)지케이라이팅,2지구
1417,대덕,(주)지토피아,2지구
1418,대덕,(주)지피,2지구
1419,대덕,(주)지피티,2지구
1420,대덕,(주)진성하이텍,2지구
1421,대덕,(주)진시스템,2지구
1422,대덕,(주)차메디텍,2지구
1423,대덕,(주)창조,2지구
1424,대덕,(주)천연물바이오,2지구
1425,대덕,(주)청마물류,2지구
1426,대덕,(주)청맥,2지구
1427,대덕,(주)청오엔지니어링,2지구
1428,대덕,(주)청호시스템,2지구
1429,대덕,(주)카브,2지구
1430,대덕,(주)카스타,2지구
1431,대덕,(주)카이다스,2지구
1432,대덕,(주)카이런소프트,2지구
1433,대덕,(주)칸필터,2지구
1434,대덕,(주)컨트로맥스,2지구
1435,대덕,(주)케바드론,2지구
1436,대덕,(주)케이앤에스아이앤씨,2지구
1437,대덕,(주)케이에스전자,2지구
1438,대덕,(주)케이에스테크,2지구
1439,대덕,(주)케이에스텍,2지구
1440,대덕,(주)케이엔텍,2지구
1441,대덕,(주)케이엘티시스템즈,2지구
1442,대덕,(주)케이엠,2지구
1443,대덕,(주)케이오피시스템,2지구
1444,대덕,(주)케이태우,2지구
1445,대덕,(주)케이티 인프라연구소,2지구
1446,대덕,(주)켄텍,2지구
1447,대덕,(주)켐바이오,2지구
1448,대덕,(주)켐온싸이언스,2지구
1449,대덕,(주)켐옵틱스,2지구
1450,대덕,(주)켐이,2지구
1451,대덕,(주)코네츠,2지구
1452,대덕,(주)코노바코리아,2지구
1453,대덕,(주)코디텍,2지구
1454,대덕,(주)코리아볼텍스,2지구
1455,대덕,(주)코리아종합안전,2지구
1456,대덕,(주)코메스타,2지구
1457,대덕,(주)코셈,2지구
1458,대덕,(주)코스모바이오,2지구
1459,대덕,(주)코아트리,2지구
1460,대덕,(주)코어벨,2지구
1461,대덕,(주)코어센스,2지구
1462,대덕,(주)코어쓰리디,2지구
1463,대덕,(주)코판코리아-10.05.28폐쇄,2지구
1464,대덕,(주)코헥스,2지구
1465,대덕,(주)쿠바,2지구
1466,대덕,(주)큐디솔루션,2지구
1467,대덕,(주)큐라움,2지구
1468,대덕,(주)큐브인스트루먼트,2지구
1469,대덕,(주)큐빅스,2지구
1470,대덕,(주)크린바이오,2지구
1471,대덕,(주)클라비스,2지구
1472,대덕,(주)키네틱스,2지구
1473,대덕,(주)키오믹스,2지구
1474,대덕,(주)킴엔디,2지구
1475,대덕,(주)태백진공,2지구
1476,대덕,(주)태영크레비즈,2지구
1477,대덕,(주)태원시스켐,2지구
1478,대덕,(주)테라네트웍스 지점,2지구
1479,대덕,(주)테라디안,2지구
1480,대덕,(주)테라룩스,2지구
1481,대덕,(주)테라리더,2지구
1482,대덕,(주)테스크로,2지구
1483,대덕,(주)테슬라시스템,2지구
1484,대덕,(주)테크모아,2지구
1485,대덕,(주)테크원,2지구
1486,대덕,(주)텔코코리아아이에스,2지구
1487,대덕,(주)템스,2지구
1488,대덕,(주)토핀스,2지구
1489,대덕,(주)톨레미시스템,2지구
1490,대덕,(주)트리버스,2지구
1491,대덕,(주)티라로보틱스,2지구
1492,대덕,(주)티앤테크,2지구
1493,대덕,(주)티에스티,2지구
1494,대덕,(주)티엔에스,2지구
1495,대덕,(주)티엠시스,2지구
1496,대덕,(주)티오피씨쓰,2지구
1497,대덕,(주)티제이티이엔지,2지구
1498,대덕,(주)티젤바이오,2지구
1499,대덕,(주)티핑포인트,2지구
1500,대덕,(주)파나진,2지구
1501,대덕,(주)파나진,2지구
1502,대덕,(주)파나켐,2지구
1503,대덕,(주)파워인스,2지구
1504,대덕,(주)파워피디,2지구
1505,대덕,(주)파이버피아,2지구
1506,대덕,(주)파이브테크,2지구
1507,대덕,(주)파이안바이오테크놀로지,2지구
1508,대덕,(주)파이안에스테틱스,2지구
1509,대덕,(주)파인비엠,2지구
1510,대덕,(주)파인켐,2지구
1511,대덕,(주)파파야모빌리티,2지구
1512,대덕,(주)퍼스트랩,2지구
1513,대덕,(주)퍼스트알앤디,2지구
1514,대덕,(주)퍼스트파워일렉트로닉스,2지구
1515,대덕,(주)펀골프 부설연구소,2지구
1516,대덕,(주)포스시스템,2지구
1517,대덕,(주)포스엔텍,2지구
1518,대덕,(주)포스트구조기술,2지구
1519,대덕,(주)포인트시스템,2지구
1520,대덕,(주)포텍,2지구
1521,대덕,(주)푸른강산,2지구
1522,대덕,(주)푸시풀시스템,2지구
1523,대덕,(주)풍산,2지구
1524,대덕,(주)퓨처젠커머스,2지구
1525,대덕,(주)프라임제이이앤씨,2지구
1526,대덕,(주)프럼파스트,2지구
1527,대덕,(주)프럼파스트,2지구
1528,대덕,(주)프로바이오닉대덕테크노밸리공장,2지구
1529,대덕,(주)프로컴시스템,2지구
1530,대덕,(주)프로컴시스템,2지구
1531,대덕,(주)프로테크코리아,2지구
1532,대덕,(주)프로테크코리아,2지구
1533,대덕,(주)프리어스,2지구
1534,대덕,(주)플랜아이,2지구
1535,대덕,(주)플렉시오,2지구
1536,대덕,(주)플로다,2지구
1537,대덕,(주)플코,2지구
1538,대덕,(주)피앤케이,2지구
1539,대덕,(주)피엔에스더존샤시,2지구
1540,대덕,(주)피엔에스홈즈,2지구
1541,대덕,(주)피케이이앤씨,2지구
1542,대덕,(주)피켐에프코리아,2지구
1543,대덕,(주)피켐코리아,2지구
1544,대덕,(주)피티앤티,2지구
1545,대덕,(주)피플맥,2지구
1546,대덕,(주)필름앤라이프,2지구
1547,대덕,(주)핏시그,2지구
1548,대덕,(주)하기소닉,2지구
1549,대덕,(주)하나마이크로텍,2지구
1550,대덕,(주)하늘소프트,2지구
1551,대덕,(주)하늘엔지니어링,2지구
1552,대덕,(주)하늘위,2지구
1553,대덕,(주)하림기공,2지구
1554,대덕,(주)하우웰이엠에스,2지구
1555,대덕,(주)하이엘리더스투모로우,2지구
1556,대덕,(주)하이젠,2지구
1557,대덕,(주)하이플럭스,2지구
1558,대덕,(주)학림수생명공학연구원,2지구
1559,대덕,(주)한국배터리검사서비스,2지구
1560,대덕,(주)한국분석기술연구소 [용산동 515],2지구
1561,대덕,(주)한국신뢰성기술,2지구
1562,대덕,(주)한국유해물질연구소,2지구
1563,대덕,(주)한국테크,2지구
1564,대덕,(주)한독크린텍,2지구
1565,대덕,(주)한밭아이오티,2지구
1566,대덕,(주)한백산업개발,2지구
1567,대덕,(주)한빛파워,2지구
1568,대덕,(주)한성시스코,2지구
1569,대덕,(주)한성엔지니어링,2지구
1570,대덕,(주)한수텍,2지구
1571,대덕,(주)한야,2지구
1572,대덕,(주)한얼시스템,2지구
1573,대덕,(주)한진이엔아이,2지구
1574,대덕,(주)한테크,2지구
1575,대덕,(주)핸슨바이오텍,2지구
1576,대덕,(주)헥사,2지구
1577,대덕,(주)현대엔지니어링,2지구
1578,대덕,(주)현신,2지구
1579,대덕,(주)현아이엠씨홀딩스,2지구
1580,대덕,(주)현진씨엔에스,2지구
1581,대덕,(주)혜원,2지구
1582,대덕,(주)호전에이블,2지구
1583,대덕,(주)홈가드,2지구
1584,대덕,(주)화성스틸,2지구
1585,대덕,(주)화성스틸테크노밸리점,2지구
1586,대덕,(주)화인라이팅,2지구
1587,대덕,(주)화인카보텍,2지구
1588,대덕,(주)화인테크,2지구
1589,대덕,(주)휴랩,2지구
1590,대덕,(주)휴먼정보,2지구
1591,대덕,(주)휴미스트,2지구
1592,대덕,(주)휴앤텍,2지구
1593,대덕,(주)휴텍스,2지구
1594,대덕,AHA산업,2지구
1595,대덕,B.B TRADING CO.,2지구
1596,대덕,BSC바이오,2지구
1597,대덕,DS-TECH,2지구
1598,대덕,E-3,2지구
1599,대덕,G.B.T,2지구
1600,대덕,GP테크놀로지,2지구
1601,대덕,HLB제넥스(주),2지구
1602,대덕,HS 정보통신,2지구
1603,대덕,J.K ENGINEERING,2지구
1604,대덕,KMI주식회사,2지구
1605,대덕,LC Diagnostics Co.,2지구
1606,대덕,LG에너지솔루션 기술연구원,2지구
1607,대덕,LK테크놀러지,2지구
1608,대덕,MJCnews,2지구
1609,대덕,MKE,2지구
1610,대덕,MOONTECH,2지구
1611,대덕,OKVET,2지구
1612,대덕,PMP소프트,2지구
1613,대덕,RCTECH,2지구
1614,대덕,S&H(안전환경)솔루션,2지구
1615,대덕,SM싸이언스,2지구
1616,대덕,Tec-Eye System Engineering,2지구
1617,대덕,mofl,2지구
1618,대덕,pj엔지니어링,2지구
1619,대덕,thpr엔지니어링,2지구
1620,대덕,㈜가나텍,2지구
1621,대덕,㈜넷비젼텔레콤-용산동 533 ,2지구
1622,대덕,㈜송림엔지니어링,2지구
1623,대덕,㈜아이디텍,2지구
1624,대덕,㈜옴니켐,2지구
1625,대덕,㈜이노윌,2지구
1626,대덕,㈜준마엔지니어링,2지구
1627,대덕,㈜지오엠티,2지구
1628,대덕,㈜트리스메드,2지구
1629,대덕,㈜파트넷,2지구
1630,대덕,가온테크노피아,2지구
1631,대덕,가온플랫폼,2지구
1632,대덕,건교,2지구
1633,대덕,건아엔지니어링,2지구
1634,대덕,계룡환경(주),2지구
1635,대덕,고려씨엠씨,2지구
1636,대덕,고려씨엠씨대전공장,2지구
1637,대덕,고려안전,2지구
1638,대덕,고향참옻,2지구
1639,대덕,관세평가분류원,2지구
1640,대덕,광진정밀,2지구
1641,대덕,구심엔지니어링,2지구
1642,대덕,국방자동화,2지구
1643,대덕,국제원자력안전안보연구협동조합,2지구
1644,대덕,굿앤서 (Good Answer),2지구
1645,대덕,그리뉴진,2지구
1646,대덕,그린엔지니어링,2지구
1647,대덕,그린이엔지(주),2지구
1648,대덕,글로벌넷,2지구
1649,대덕,금호와이어,2지구
1650,대덕,기네스팜,2지구
1651,대덕,김문정미술품보존연구소,2지구
1652,대덕,나노몰드,2지구
1653,대덕,나노스코프시스템즈(주),2지구
1654,대덕,나노오토메이션,2지구
1655,대덕,나무전자,2지구
1656,대덕,나우테크이즈,2지구
1657,대덕,나인소프트,2지구
1658,대덕,남광테크,2지구
1659,대덕,남일절연상사,2지구
1660,대덕,네스트,2지구
1661,대덕,네오진,2지구
1662,대덕,네오피온,2지구
1663,대덕,넥시스,2지구
1664,대덕,노블테크(주),2지구
1665,대덕,농업회사법인 제이아그로(주),2지구
1666,대덕,농업회사법인(주)고은,2지구
1667,대덕,농업회사법인(주)나무,2지구
1668,대덕,뉴크리에이션테크,2지구
1669,대덕,니치코리아,2지구
1670,대덕,다담,2지구
1671,대덕,다산에너지,2지구
1672,대덕,다온,2지구
1673,대덕,다움코스텍(주),2지구
1674,대덕,닥터아이앤비(주),2지구
1675,대덕,대경,2지구
1676,대덕,대경이엔지,2지구
1677,대덕,대덕과학기기,2지구
1678,대덕,대덕밸리과학기술인협동조합,2지구
1679,대덕,대덕벤처타워(주),2지구
1680,대덕,대덕아이엠티,2지구
1681,대덕,대덕이미지,2지구
1682,대덕,대덕이엔에스,2지구
1683,대덕,대덕중공업(주),2지구
1684,대덕,대림전기,2지구
1685,대덕,대영엠엔에스(주),2지구
1686,대덕,대운,2지구
1687,대덕,대운테크(주),2지구
1688,대덕,대웅이엔에스(주),2지구
1689,대덕,대원엔지니어링,2지구
1690,대덕,대전세관,2지구
1691,대덕,대전전산감리컨설팅 주식회사,2지구
1692,대덕,대전충남환경보전협회,2지구
1693,대덕,대정화금 주식회사,2지구
1694,대덕,대진계측기,2지구
1695,대덕,대창특수기계,2지구
1696,대덕,대한자동화,2지구
1697,대덕,더드림워커주식회사,2지구
1698,대덕,더로보틱스 주식회사,2지구
1699,대덕,더블유아이티 주식회사,2지구
1700,대덕,더센텍,2지구
1701,대덕,덕산넵코어스(주),2지구
1702,대덕,데니스에이피(주),2지구
1703,대덕,데시칸,2지구
1704,대덕,델타인덱스(주),2지구
1705,대덕,도담에너시스(주),2지구
1706,대덕,도담특허정보,2지구
1707,대덕,동서테크,2지구
1708,대덕,동성이엔지,2지구
1709,대덕,동진기계,2지구
1710,대덕,동호시스템,2지구
1711,대덕,두원산기,2지구
1712,대덕,듀플잉크,2지구
1713,대덕,드림이엔지,2지구
1714,대덕,드림진로교육센터대전점,2지구
1715,대덕,디딤플렛폼,2지구
1716,대덕,디벅,2지구
1717,대덕,"디비시스 대전,충북",2지구
1718,대덕,디비아이시스템,2지구
1719,대덕,디앤에스정밀금형,2지구
1720,대덕,디에스테크,2지구
1721,대덕,디에이치컴퍼니,2지구
1722,대덕,디엔비하우징(주),2지구
1723,대덕,디엔씨테크,2지구
1724,대덕,디엔이주식회사,2지구
1725,대덕,디엠유압,2지구
1726,대덕,디자인블루,2지구
1727,대덕,디지털브레인,2지구
1728,대덕,디케이엠텍(주),2지구
1729,대덕,라디안 주식회사,2지구
1730,대덕,라스기획,2지구
1731,대덕,라온,2지구
1732,대덕,라우테크,2지구
1733,대덕,라이노바이오주식회사 ,2지구
1734,대덕,라이오팁코리아(주),2지구
1735,대덕,래드코어,2지구
1736,대덕,레오스전자광학시스템,2지구
1737,대덕,레이지 바이오랩,2지구
1738,대덕,로우카본,2지구
1739,대덕,로이다(주),2지구
1740,대덕,루미웍스,2지구
1741,대덕,루켄,2지구
1742,대덕,룩시드랩스,2지구
1743,대덕,리얼텍,2지구
1744,대덕,리즈투,2지구
1745,대덕,리직스 포트로닉스,2지구
1746,대덕,리플래너,2지구
1747,대덕,링크나인시스템,2지구
1748,대덕,마이스터원,2지구
1749,대덕,메가스퍼터,2지구
1750,대덕,메쉬메이슨,2지구
1751,대덕,메카로봇,2지구
1752,대덕,메타비스타,2지구
1753,대덕,명민테크,2지구
1754,대덕,명성정밀,2지구
1755,대덕,명엔지니어링,2지구
1756,대덕,명정,2지구
1757,대덕,명진사이언스,2지구
1758,대덕,명진스틸산업(주),2지구
1759,대덕,명테크,2지구
1760,대덕,모두산업,2지구
1761,대덕,모루기술 주식회사,2지구
1762,대덕,목원대학교 산학협력단,2지구
1763,대덕,몬트롤(주),2지구
1764,대덕,몬트롤시스템즈,2지구
1765,대덕,무림테크,2지구
1766,대덕,미건507호,2지구
1767,대덕,미건테크노월드,2지구
1768,대덕,미라클,2지구
1769,대덕,미래,2지구
1770,대덕,미래ENG,2지구
1771,대덕,미래이앤아이,2지구
1772,대덕,미래전기(주),2지구
1773,대덕,미르텍코리아,2지구
1774,대덕,밀텍(주),2지구
1775,대덕,바이오브레인,2지구
1776,대덕,바이오엠티에이 (대전공장),2지구
1777,대덕,바이오제닉스코리아 주식회사,2지구
1778,대덕,바이오지이티(주),2지구
1779,대덕,바프렉스,2지구
1780,대덕,반도테크,2지구
1781,대덕,반디티엔에스,2지구
1782,대덕,밸텍 주식회사,2지구
1783,대덕,범천주식회사,2지구
1784,대덕,범한산업(주),2지구
1785,대덕,베스트(BEST),2지구
1786,대덕,베스트윙,2지구
1787,대덕,베어텍,2지구
1788,대덕,보성테크,2지구
1789,대덕,보아스테크,2지구
1790,대덕,불스아이,2지구
1791,대덕,브니엘,2지구
1792,대덕,브이웍스,2지구
1793,대덕,브이젠 주식회사,2지구
1794,대덕,브이케이테크(주),2지구
1795,대덕,블루웨이브텔(주),2지구
1796,대덕,비르타메드코리아 주식회사,2지구
1797,대덕,비앤비컴퍼니 ,2지구
1798,대덕,비앤에프테크놀로지(주),2지구
1799,대덕,비엔하이텍,2지구
1800,대덕,비엘티(주),2지구
1801,대덕,비이에스,2지구
1802,대덕,비젼테크,2지구
1803,대덕,비즈건설주식회사,2지구
1804,대덕,비즈니스전략연구소(주),2지구
1805,대덕,비즈소프트,2지구
1806,대덕,비즈코리아,2지구
1807,대덕,비케이씨,2지구
1808,대덕,비케이테크놀로지,2지구
1809,대덕,빅센,2지구
1810,대덕,사회복지법인선아복지재단 LED사업단,2지구
1811,대덕,살루스 마린 시스템즈,2지구
1812,대덕,삼성전기(주),2지구
1813,대덕,삼아유공압,2지구
1814,대덕,삼일SB,2지구
1815,대덕,삼일레이저,2지구
1816,대덕,샘플온,2지구
1817,대덕,서울계전,2지구
1818,대덕,서울프로폴리스(주),2지구
1819,대덕,서울플루이드시스템테크놀로지스,2지구
1820,대덕,서전엔지니어링(주),2지구
1821,대덕,서진아이티,2지구
1822,대덕,서호일렉스 주식회사,2지구
1823,대덕,석천솔라에너지(주),2지구
1824,대덕,선영코리아,2지구
1825,대덕,선우아이디(주),2지구
1826,대덕,선테크,2지구
1827,대덕,성실치과기공소,2지구
1828,대덕,성아정밀공업(주),2지구
1829,대덕,성안이엔티㈜,2지구
1830,대덕,성우세미텍(주),2지구
1831,대덕,성우테크,2지구
1832,대덕,성우테크론(주)제3사업장,2지구
1833,대덕,성원ENG,2지구
1834,대덕,성현엠엔티(주),2지구
1835,대덕,세계S.M.T,2지구
1836,대덕,세림티에스지(주),2지구
1837,대덕,세방전기,2지구
1838,대덕,세보시스,2지구
1839,대덕,세빈기술주식회사,2지구
1840,대덕,세안기술주식회사,2지구
1841,대덕,세움테크,2지구
1842,대덕,세이프유앤아이,2지구
1843,대덕,세종기술,2지구
1844,대덕,세종솔루텍 주식회사,2지구
1845,대덕,셀라이온바이오메드(주),2지구
1846,대덕,셀센,2지구
1847,대덕,셀스케어,2지구
1848,대덕,소노비즈,2지구
1849,대덕,소노소프트웨어,2지구
1850,대덕,솔젠트(주),2지구
1851,대덕,송원솔레드(주),2지구
1852,대덕,쉐어미디어(주),2지구
1853,대덕,스마일계기,2지구
1854,대덕,스마일소프트,2지구
1855,대덕,스마트시스텍,2지구
1856,대덕,스완로보틱스,2지구
1857,대덕,스탠다드에너지(주),2지구
1858,대덕,스튜디오다담,2지구
1859,대덕,스페이스앤쉴드,2지구
1860,대덕,스페이스웨어(주),2지구
1861,대덕,스페이스케이 주식회사,2지구
1862,대덕,시선바이오머티리얼스,2지구
1863,대덕,시스넥스,2지구
1864,대덕,시온소프트,2지구
1865,대덕,시크제네시스,2지구
1866,대덕,신기술주식회사,2지구
1867,대덕,신도산업,2지구
1868,대덕,신도산업(주),2지구
1869,대덕,신도아이엘에스(신도 ILS),2지구
1870,대덕,신라무역,2지구
1871,대덕,신성기업,2지구
1872,대덕,신성이앤에스주식회사,2지구
1873,대덕,신양에너지(주),2지구
1874,대덕,신우이엔지(주),2지구
1875,대덕,신한사이언텍,2지구
1876,대덕,신한정밀공업(주),2지구
1877,대덕,신화테크(주),2지구
1878,대덕,쏠라크리닉,2지구
1879,대덕,씨앤소프트,2지구
1880,대덕,씨앤씨에이드(주),2지구
1881,대덕,씨앤콤(주),2지구
1882,대덕,씨에스아이엠,2지구
1883,대덕,씨에스텍,2지구
1884,대덕,씨에이치랩,2지구
1885,대덕,씨엔로봇,2지구
1886,대덕,씨엔씨,2지구
1887,대덕,씨엠아이텍주식회사(대전),2지구
1888,대덕,아그로드,2지구
1889,대덕,아마토(주),2지구
1890,대덕,아이.비이.알(주),2지구
1891,대덕,아이두(Idoo),2지구
1892,대덕,아이디그램(주),2지구
1893,대덕,아이디스파워텔(주),2지구
1894,대덕,아이디케미칼,2지구
1895,대덕,아이디티(IDT),2지구
1896,대덕,아이디티주식회사,2지구
1897,대덕,아이링크코리아(주),2지구
1898,대덕,아이빔테크놀로지 주식회사,2지구
1899,대덕,아이에스바이오,2지구
1900,대덕,아이에스텍,2지구
1901,대덕,아이엘디바이스(주),2지구
1902,대덕,아이콘텍트,2지구
1903,대덕,아이테크,2지구
1904,대덕,아이텍(주),2지구
1905,대덕,아이티에스(ITS),2지구
1906,대덕,아이티엠코리아,2지구
1907,대덕,아이티즈,2지구
1908,대덕,아이피지포토닉스코리아(주),2지구
1909,대덕,아크에이르,2지구
1910,대덕,아트로닉스,2지구
1911,대덕,아티스(ATIS),2지구
1912,대덕,알앤엘,2지구
1913,대덕,알이디테크놀로지,2지구
1914,대덕,알이디티 주식회사,2지구
1915,대덕,알이에스 주식회사,2지구
1916,대덕,알이엠텍(주),2지구
1917,대덕,알티피코리아주식회사,2지구
1918,대덕,앞선기술,2지구
1919,대덕,애드바이오,2지구
1920,대덕,애드바이오메디텍,2지구
1921,대덕,앤디피에스(주),2지구
1922,대덕,앤트,2지구
1923,대덕,에그너스1태양광발전소,2지구
1924,대덕,에너웨이테크(주),2지구
1925,대덕,에너젠,2지구
1926,대덕,에너지공작소,2지구
1927,대덕,에디웍스(주),2지구
1928,대덕,에버웰테크놀로지(주),2지구
1929,대덕,에버제닉,2지구
1930,대덕,에스디알산업,2지구
1931,대덕,에스솔루션,2지구
1932,대덕,에스아이비,2지구
1933,대덕,에스아이비(주),2지구
1934,대덕,에스알엠텍,2지구
1935,대덕,에스에이,2지구
1936,대덕,에스엔씨,2지구
1937,대덕,에스엔씨글로벌,2지구
1938,대덕,에스엠이엔씨,2지구
1939,대덕,에스엠텔레콤㈜,2지구
1940,대덕,에스엠화학(주),2지구
1941,대덕,에스엠화학㈜,2지구
1942,대덕,에스와이솔루션,2지구
1943,대덕,에스와이텍,2지구
1944,대덕,에스웍스(S-WORKS),2지구
1945,대덕,에스이 eng,2지구
1946,대덕,에스이에스에스일호,2지구
1947,대덕,에스이켐(주),2지구
1948,대덕,에스이텍,2지구
1949,대덕,에스제이 인터내셔널 테크놀러지,2지구
1950,대덕,에스제이티 주식회사,2지구
1951,대덕,에스케이온주식회사,2지구
1952,대덕,에스티엠(주),2지구
1953,대덕,에스팩(주),2지구
1954,대덕,에스피테크,2지구
1955,대덕,에어사운드,2지구
1956,대덕,에어사이언스(주),2지구
1957,대덕,에이스,2지구
1958,대덕,에이스,2지구
1959,대덕,에이스랩,2지구
1960,대덕,에이스트로닉스(주),2지구
1961,대덕,에이앤씨,2지구
1962,대덕,에이원,2지구
1963,대덕,에이치비솔루션(주),2지구
1964,대덕,에이치앤에스,2지구
1965,대덕,에이치앤티테크,2지구
1966,대덕,에이치앤파워(주),2지구
1967,대덕,에이치앤피엔지니어링(주),2지구
1968,대덕,에이치엘비파나진 주식회사,2지구
1969,대덕,에이치제이바이오팜(주),2지구
1970,대덕,에이치케이사이언스,2지구
1971,대덕,에이큐,2지구
1972,대덕,에이텍,2지구
1973,대덕,에이티닉스,2지구
1974,대덕,에이티엔코리아(주),2지구
1975,대덕,에이플시스템즈 (주),2지구
1976,대덕,에치앤에이 바이오,2지구
1977,대덕,에치케이에스,2지구
1978,대덕,에코브이아이피,2지구
1979,대덕,에프티앤스킨솔루션,2지구
1980,대덕,에프티이디,2지구
1981,대덕,엑센,2지구
1982,대덕,엑셀랩(주),2지구
1983,대덕,엑셀코리아,2지구
1984,대덕,엑스포넷(주),2지구
1985,대덕,엔박,2지구
1986,대덕,엔솔로지 주식회사,2지구
1987,대덕,엔솔주식회사,2지구
1988,대덕,엔스펙트라(주),2지구
1989,대덕,엔씨아이(주),2지구
1990,대덕,엔엠디(NMD),2지구
1991,대덕,엔지니어스톡,2지구
1992,대덕,엔지켐,2지구
1993,대덕,엔트정보통신,2지구
1994,대덕,엔피바이오텍,2지구
1995,대덕,엘로힘,2지구
1996,대덕,엘스페스 주식회사,2지구
1997,대덕,엘씨코리아,2지구
1998,대덕,엘아이에스(주),2지구
1999,대덕,엘앤케이,2지구
2000,대덕,엘앤티머티리얼즈,2지구
2001,대덕,엘이디아트(주),2지구
2002,대덕,엘이바이오,2지구
2003,대덕,엘제이엠기획,2지구
2004,대덕,엘케이로보틱스,2지구
2005,대덕,엠비에스 주식회사,2지구
2006,대덕,엠앤에이치,2지구
2007,대덕,엠지케이정밀,2지구
2008,대덕,엠테코트 주식회사,2지구
2009,대덕,엠티디아이(주),2지구
2010,대덕,엠티엔시주식회사,2지구
2011,대덕,엣지카운팅,2지구
2012,대덕,연담기술(주),2지구
2013,대덕,연백엔지니어링,2지구
2014,대덕,영민인터내셔날,2지구
2015,대덕,영바이오랩,2지구
2016,대덕,영성테크,2지구
2017,대덕,영신정밀,2지구
2018,대덕,영아이티(주),2지구
2019,대덕,영준,2지구
2020,대덕,영테크,2지구
2021,대덕,영풍전자(주),2지구
2022,대덕,예스산업시스템(주),2지구
2023,대덕,예스엔,2지구
2024,대덕,예스케어시스템즈(주),2지구
2025,대덕,오른기술,2지구
2026,대덕,오름아이씨티,2지구
2027,대덕,오스테온,2지구
2028,대덕,오엠텍(주),2지구
2029,대덕,오존테크(주),2지구
2030,대덕,오존텍,2지구
2031,대덕,오타 (OOTA),2지구
2032,대덕,오픈마루 주식회사,2지구
2033,대덕,올에이치,2지구
2034,대덕,올제텍㈜,2지구
2035,대덕,올케어러블,2지구
2036,대덕,올포시스템,2지구
2037,대덕,와이즈플래닛(주),2지구
2038,대덕,와이케이테크,2지구
2039,대덕,우렁총각주식회사 ,2지구
2040,대덕,우리ETI(주),2지구
2041,대덕,우리과학상사,2지구
2042,대덕,우리기업,2지구
2043,대덕,우리비즈,2지구
2044,대덕,우성이엔지,2지구
2045,대덕,우성하이백,2지구
2046,대덕,우진산업,2지구
2047,대덕,우진엔지니어링,2지구
2048,대덕,우현테크,2지구
2049,대덕,운화테크,2지구
2050,대덕,워트(주),2지구
2051,대덕,원전해체연구소,2지구
2052,대덕,원컨버전스,2지구
2053,대덕,원텍(주),2지구
2054,대덕,월드에이티,2지구
2055,대덕,월드인터내셔널,2지구
2056,대덕,월드테크,2지구
2057,대덕,웰빙건강,2지구
2058,대덕,웰스컴(주),2지구
2059,대덕,웰코리아(주),2지구
2060,대덕,위드조이(주),2지구
2061,대덕,위드텍,2지구
2062,대덕,위맥스,2지구
2063,대덕,위성테크,2지구
2064,대덕,위월드(주),2지구
2065,대덕,윈테크,2지구
2066,대덕,유니슨(주),2지구
2067,대덕,유니테크,2지구
2068,대덕,유라셋,2지구
2069,대덕,유룩스,2지구
2070,대덕,유비즈정보기술(주),2지구
2071,대덕,유수종합물류(주),2지구
2072,대덕,유씨엘스위프트(주),2지구
2073,대덕,유씨엘일신테크 주식회사,2지구
2074,대덕,유엔아이(주),2지구
2075,대덕,유일FMC,2지구
2076,대덕,유일방재산업,2지구
2077,대덕,유저스(주),2지구
2078,대덕,유진바이오텍,2지구
2079,대덕,유콘시스템(주),2지구
2080,대덕,윤소프트웨어,2지구
2081,대덕,이노레이(주),2지구
2082,대덕,이노파우더,2지구
2083,대덕,이루미,2지구
2084,대덕,이미지스,2지구
2085,대덕,이비테크(주),2지구
2086,대덕,이알씨에프에이테크,2지구
2087,대덕,이에스산업(주),2지구
2088,대덕,이에스씨산업(주),2지구
2089,대덕,이엔유주식회사,2지구
2090,대덕,이엠테크,2지구
2091,대덕,이우아이엔씨,2지구
2092,대덕,이텍티디에이(주),2지구
2093,대덕,이트라이언,2지구
2094,대덕,인본ENG,2지구
2095,대덕,인터그래비티테크놀로지스(주),2지구
2096,대덕,인터라이프,2지구
2097,대덕,인터컴,2지구
2098,대덕,일경상사(주),2지구
2099,대덕,일산프린터,2지구
2100,대덕,일신테크(주),2지구
2101,대덕,일연테크,2지구
2102,대덕,자영기술,2지구
2103,대덕,자인테크놀로지(주),2지구
2104,대덕,재)한국생활환경시험연구원,2지구
2105,대덕,재단법인 대전디자인진흥원,2지구
2106,대덕,전국종합렌탈,2지구
2107,대덕,정밀광학,2지구
2108,대덕,정토스페이스,2지구
2109,대덕,제노바이오(주),2지구
2110,대덕,제니텔정보통신(주),2지구
2111,대덕,제닉스윈주식회사,2지구
2112,대덕,제스텍,2지구
2113,대덕,제이비씨앤씨,2지구
2114,대덕,제이시스템,2지구
2115,대덕,제이아그로(주),2지구
2116,대덕,제이앤씨사이언스,2지구
2117,대덕,제이앤제이메디칼,2지구
2118,대덕,제이앤제이테크,2지구
2119,대덕,제이에스,2지구
2120,대덕,제이에스산업,2지구
2121,대덕,제이에스시스템,2지구
2122,대덕,제이에스전자,2지구
2123,대덕,제이에스테크,2지구
2124,대덕,제이엔에스,2지구
2125,대덕,제이엔티(주),2지구
2126,대덕,제이원글로벌 주식회사,2지구
2127,대덕,제이케이이앤지,2지구
2128,대덕,제이케이테크,2지구
2129,대덕,제이코어,2지구
2130,대덕,제이투엠,2지구
2131,대덕,제이투테크,2지구
2132,대덕,제이튜닝,2지구
2133,대덕,제일사료(주),2지구
2134,대덕,젠텍,2지구
2135,대덕,젬백스앤카엘,2지구
2136,대덕,조인셋㈜,2지구
2137,대덕,조현두I&D,2지구
2138,대덕,주)라인디지털,2지구
2139,대덕,주)아바,2지구
2140,대덕,주)하나에스엘,2지구
2141,대덕,주)확인영어사-구.유니와이드테크놀로지,2지구
2142,대덕,주시회사 지에프퍼멘텍,2지구
2143,대덕,주식회사 가온디아이,2지구
2144,대덕,주식회사 가일,2지구
2145,대덕,주식회사 공감미디어,2지구
2146,대덕,주식회사 그린로보텍,2지구
2147,대덕,주식회사 그린로터스,2지구
2148,대덕,주식회사 기림,2지구
2149,대덕,주식회사 기한디엔티,2지구
2150,대덕,주식회사 남광이엔지,2지구
2151,대덕,주식회사 네모,2지구
2152,대덕,주식회사 네오젠,2지구
2153,대덕,주식회사 네오프로브,2지구
2154,대덕,주식회사 누리트론,2지구
2155,대덕,주식회사 다온테크놀러지,2지구
2156,대덕,주식회사 닥스엔지니어링,2지구
2157,대덕,주식회사 대건소프트,2지구
2158,대덕,주식회사 대로에이앤티,2지구
2159,대덕,주식회사 더길,2지구
2160,대덕,주식회사 더포스트미트 ,2지구
2161,대덕,주식회사 더피치,2지구
2162,대덕,주식회사 동인,2지구
2163,대덕,주식회사 동진제약,2지구
2164,대덕,주식회사 드림솔루션,2지구
2165,대덕,주식회사 드림즈,2지구
2166,대덕,주식회사 디에이치케이,2지구
2167,대덕,주식회사 디케이씨엔이,2지구
2168,대덕,주식회사 디타스,2지구
2169,대덕,주식회사 딥인스펙션,2지구
2170,대덕,주식회사 라드솔,2지구
2171,대덕,주식회사 라움시스템,2지구
2172,대덕,주식회사 라이크잇,2지구
2173,대덕,주식회사 루스테크,2지구
2174,대덕,주식회사 리맵,2지구
2175,대덕,주식회사 리메드,2지구
2176,대덕,주식회사 리에코텍,2지구
2177,대덕,주식회사 리윤바이오,2지구
2178,대덕,주식회사 린솔,2지구
2179,대덕,주식회사 링커블테크놀러지,2지구
2180,대덕,주식회사 만수,2지구
2181,대덕,주식회사 메디젝스,2지구
2182,대덕,주식회사 메이커스엔솔루션즈,2지구
2183,대덕,주식회사 메카시스,2지구
2184,대덕,주식회사 명광,2지구
2185,대덕,주식회사 모비텍,2지구
2186,대덕,주식회사 무브투,2지구
2187,대덕,주식회사 무진산업,2지구
2188,대덕,주식회사 미네월드,2지구
2189,대덕,주식회사 미오내츄럴,2지구
2190,대덕,주식회사 민트로봇,2지구
2191,대덕,주식회사 밀알,2지구
2192,대덕,주식회사 바이오뷰티사이언스,2지구
2193,대덕,주식회사 바이오오케스트라,2지구
2194,대덕,주식회사 바임,2지구
2195,대덕,주식회사 블리스라이프텍,2지구
2196,대덕,주식회사 비즈에이앤씨,2지구
2197,대덕,주식회사 삼광레이저,2지구
2198,대덕,주식회사 새움산업개발,2지구
2199,대덕,주식회사 서강이엔지,2지구
2200,대덕,주식회사 서진인프라웨어,2지구
2201,대덕,주식회사 세계로이엔지,2지구
2202,대덕,주식회사 세연이엔에스,2지구
2203,대덕,주식회사 세이가,2지구
2204,대덕,주식회사 솔텍,2지구
2205,대덕,주식회사 쉘파스페이스,2지구
2206,대덕,주식회사 스마트솔루션,2지구
2207,대덕,주식회사 스마트프로,2지구
2208,대덕,주식회사 스카이텍,2지구
2209,대덕,주식회사 스톰,2지구
2210,대덕,주식회사 스파시움로보틱스,2지구
2211,대덕,주식회사 신한에스티,2지구
2212,대덕,주식회사 쏠그리드,2지구
2213,대덕,주식회사 씨앤캠,2지구
2214,대덕,주식회사 씨앤테크,2지구
2215,대덕,주식회사 씨앰지,2지구
2216,대덕,주식회사 씨에이씨,2지구
2217,대덕,주식회사 씨이텍,2지구
2218,대덕,주식회사 씨티바이오,2지구
2219,대덕,주식회사 아미크론 대전지점,2지구
2220,대덕,주식회사 아바스,2지구
2221,대덕,주식회사 아스텍,2지구
2222,대덕,주식회사 아이넴,2지구
2223,대덕,주식회사 아이뉴옵틱스,2지구
2224,대덕,주식회사 아이디케이,2지구
2225,대덕,주식회사 아이베스트,2지구
2226,대덕,주식회사 아이씨에스,2지구
2227,대덕,주식회사 아이자랩,2지구
2228,대덕,주식회사 아이티유,2지구
2229,대덕,주식회사 아이팝,2지구
2230,대덕,주식회사 아이패턴,2지구
2231,대덕,주식회사 아이피엠에스,2지구
2232,대덕,주식회사 알엔에스,2지구
2233,대덕,주식회사 애자일소프트웨어,2지구
2234,대덕,주식회사 액트알엠티,2지구
2235,대덕,주식회사 앰진,2지구
2236,대덕,주식회사 어네스트,2지구
2237,대덕,주식회사 업테이크,2지구
2238,대덕,주식회사 에덴크리처,2지구
2239,대덕,주식회사 에스엘에스탑,2지구
2240,대덕,주식회사 에스케이씨바이오텍,2지구
2241,대덕,주식회사 에스티씨,2지구
2242,대덕,주식회사 에스티에이블,2지구
2243,대덕,주식회사 에이리스,2지구
2244,대덕,주식회사 에이미라클,2지구
2245,대덕,주식회사 에이아이솔루션즈,2지구
2246,대덕,주식회사 에이치엔이,2지구
2247,대덕,주식회사 에이치투,2지구
2248,대덕,주식회사 에이치포테크,2지구
2249,대덕,주식회사 에이큐,2지구
2250,대덕,주식회사 에이플,2지구
2251,대덕,주식회사 에코엔텍,2지구
2252,대덕,주식회사 엑셀텍,2지구
2253,대덕,주식회사 엔비코어,2지구
2254,대덕,주식회사 엔텍하우스,2지구
2255,대덕,주식회사 엔하이텍,2지구
2256,대덕,주식회사 엘그린텍,2지구
2257,대덕,주식회사 엠브이아이,2지구
2258,대덕,주식회사 엠씨티,2지구
2259,대덕,주식회사 엠피텍,2지구
2260,대덕,주식회사 오믹스바이오텍,2지구
2261,대덕,주식회사 와이더,2지구
2262,대덕,주식회사 와이즈컨,2지구
2263,대덕,주식회사 와이파인텍,2지구
2264,대덕,주식회사 우레,2지구
2265,대덕,주식회사 위즈에스,2지구
2266,대덕,주식회사 위캡,2지구
2267,대덕,주식회사 위티브,2지구
2268,대덕,주식회사 유뱃,2지구
2269,대덕,주식회사 유비프로틴,2지구
2270,대덕,주식회사 유에스케이,2지구
2271,대덕,주식회사 유일방재산업,2지구
2272,대덕,주식회사 은송,2지구
2273,대덕,주식회사 이솔루션,2지구
2274,대덕,주식회사 이지터치솔루션,2지구
2275,대덕,주식회사 이지티,2지구
2276,대덕,주식회사 인공지능팩토리,2지구
2277,대덕,주식회사 인소프트,2지구
2278,대덕,주식회사 인엘씨테크놀러지,2지구
2279,대덕,주식회사 인프리즘,2지구
2280,대덕,주식회사 일리아스바이오로직스,2지구
2281,대덕,주식회사 정석엔지니어링,2지구
2282,대덕,주식회사 제니어,2지구
2283,대덕,주식회사 제이몬,2지구
2284,대덕,주식회사 제이비케이랩,2지구
2285,대덕,주식회사 지메드,2지구
2286,대덕,주식회사 지스코환경에너지연구소,2지구
2287,대덕,주식회사 지오에이치텍,2지구
2288,대덕,주식회사 지오텍,2지구
2289,대덕,주식회사 진흥이엔지,2지구
2290,대덕,주식회사 첨단,2지구
2291,대덕,주식회사 청아케미칼,2지구
2292,대덕,주식회사 케이앤더블유,2지구
2293,대덕,주식회사 케이앤와이,2지구
2294,대덕,주식회사 케이앤피,2지구
2295,대덕,주식회사 케이엠디바이오,2지구
2296,대덕,주식회사 케이엠티,2지구
2297,대덕,주식회사 코드브이,2지구
2298,대덕,주식회사 코드제이,2지구
2299,대덕,주식회사 퀀텀캣,2지구
2300,대덕,주식회사 키노,2지구
2301,대덕,주식회사 테라에프에이,2지구
2302,대덕,주식회사 테라테크노스,2지구
2303,대덕,주식회사 티에프,2지구
2304,대덕,주식회사 티엔아이,2지구
2305,대덕,주식회사 티이엔지,2지구
2306,대덕,주식회사 팀사이언스,2지구
2307,대덕,주식회사 파워닉스,2지구
2308,대덕,주식회사 파이칩스,2지구
2309,대덕,주식회사 파이프레이저센타,2지구
2310,대덕,주식회사 팜인,2지구
2311,대덕,주식회사 팡퍼니,2지구
2312,대덕,주식회사 펌스터,2지구
2313,대덕,주식회사 포휴먼테크,2지구
2314,대덕,주식회사 풍산,2지구
2315,대덕,주식회사 퓨처앤텍,2지구
2316,대덕,주식회사 프랙사이,2지구
2317,대덕,주식회사 플레이솔루션,2지구
2318,대덕,주식회사 플로우컴스,2지구
2319,대덕,주식회사 피델,2지구
2320,대덕,주식회사 피에스코,2지구
2321,대덕,주식회사 필로스,2지구
2322,대덕,주식회사 필로텍,2지구
2323,대덕,주식회사 하나자산신탁,2지구
2324,대덕,주식회사 하온전기,2지구
2325,대덕,주식회사 한국원자력로봇,2지구
2326,대덕,주식회사 한발,2지구
2327,대덕,주식회사 한밭이엔씨,2지구
2328,대덕,주식회사기흥금속,2지구
2329,대덕,주식회사대덕전력에너지,2지구
2330,대덕,주식회사대림비젼,2지구
2331,대덕,주식회사로보볼트,2지구
2332,대덕,주식회사브이스페이스,2지구
2333,대덕,주식회사삼영정보,2지구
2334,대덕,주식회사서강통신,2지구
2335,대덕,주식회사서스테이너블스,2지구
2336,대덕,주식회사서호엔지니어링,2지구
2337,대덕,주식회사수만,2지구
2338,대덕,주식회사스펙,2지구
2339,대덕,주식회사아로젠바이오,2지구
2340,대덕,주식회사알지티,2지구
2341,대덕,주식회사알피지랩,2지구
2342,대덕,주식회사에네스지,2지구
2343,대덕,주식회사에이치디엠,2지구
2344,대덕,주식회사에코씽,2지구
2345,대덕,주식회사엔에이시스템,2지구
2346,대덕,주식회사엠바디텍,2지구
2347,대덕,주식회사엠엔씨엔지니어링,2지구
2348,대덕,주식회사와이오텍,2지구
2349,대덕,주식회사유니오텍,2지구
2350,대덕,주식회사유로핀즈우솔,2지구
2351,대덕,주식회사이노티엠,2지구
2352,대덕,주식회사이레이앤씨,2지구
2353,대덕,주식회사인챌,2지구
2354,대덕,주식회사인터텍,2지구
2355,대덕,주식회사제이비시스템,2지구
2356,대덕,주식회사좋은소리,2지구
2357,대덕,주식회사케이엘에스솔루션,2지구
2358,대덕,주식회사코어,2지구
2359,대덕,주식회사크럭셀,2지구
2360,대덕,주식회사테크노블루,2지구
2361,대덕,주식회사토브텍,2지구
2362,대덕,주식회사포이,2지구
2363,대덕,주식회사퓨어시스,2지구
2364,대덕,주식회사하이엔드,2지구
2365,대덕,주신산업 주식회사,2지구
2366,대덕,주연정공,2지구
2367,대덕,준솔루텍,2지구
2368,대덕,중부유화,2지구
2369,대덕,중부탱크기술,2지구
2370,대덕,중앙통신(주),2지구
2371,대덕,지메디텍,2지구
2372,대덕,지솔루션,2지구
2373,대덕,지솔코퍼레이션 주식회사,2지구
2374,대덕,지안건설,2지구
2375,대덕,지앤비,2지구
2376,대덕,지앤비쏠라 주식회사,2지구
2377,대덕,지에스나노셀,2지구
2378,대덕,지에스에스,2지구
2379,대덕,지에스엘텍,2지구
2380,대덕,지에스이하이테크(주),2지구
2381,대덕,지에이치바이오(주),2지구
2382,대덕,지에프테크놀로지,2지구
2383,대덕,지엔지나노텍,2지구
2384,대덕,지엔테크,2지구
2385,대덕,지오드,2지구
2386,대덕,지와이에너지(주),2지구
2387,대덕,지우광기술,2지구
2388,대덕,지우기술,2지구
2389,대덕,지의소프트(주),2지구
2390,대덕,지현조각,2지구
2391,대덕,지현테크,2지구
2392,대덕,진메디케어,2지구
2393,대덕,진성,2지구
2394,대덕,진특수ENG,2지구
2395,대덕,진프로밍,2지구
2396,대덕,진흥정밀공업사,2지구
2397,대덕,집스타일,2지구
2398,대덕,참기술,2지구
2399,대덕,창연,2지구
2400,대덕,채움,2지구
2401,대덕,천지인,2지구
2402,대덕,철과사람,2지구
2403,대덕,청디자인,2지구
2404,대덕,청호산업(주),2지구
2405,대덕,초록무지개,2지구
2406,대덕,충남대학교,2지구
2407,대덕,충청서비스센터,2지구
2408,대덕,측정기술원,2지구
2409,대덕,카리스,2지구
2410,대덕,카본에너지,2지구
2411,대덕,카본코 피티이엘티디(영업소),2지구
2412,대덕,카스기계상사,2지구
2413,대덕,카오스㈜,2지구
2414,대덕,카피페이스트,2지구
2415,대덕,칼리시,2지구
2416,대덕,컨트롤에프,2지구
2417,대덕,컴퓨메딕스 코리아,2지구
2418,대덕,케이.에이.티.(주),2지구
2419,대덕,케이디조인,2지구
2420,대덕,케이랩주식회사,2지구
2421,대덕,케이맥(주),2지구
2422,대덕,케이아이피,2지구
2423,대덕,케이앤제이(KNJ)엔지니어링,2지구
2424,대덕,케이앤제이엔지니어링주식회사,2지구
2425,대덕,케이에스친환경연구소,2지구
2426,대덕,케이엘이에스(주),2지구
2427,대덕,케이제이테크,2지구
2428,대덕,케이제이테크,2지구
2429,대덕,케이테크,2지구
2430,대덕,케이피씨주식회사,2지구
2431,대덕,코네쥬얼리,2지구
2432,대덕,코닝나노프로텍주식회사,2지구
2433,대덕,코드랩,2지구
2434,대덕,코리아 BNC,2지구
2435,대덕,코리아인스트루먼트(주),2지구
2436,대덕,코리아테스팅(주),2지구
2437,대덕,코미텍(주),2지구
2438,대덕,코스텍주식회사,2지구
2439,대덕,코아글림(주),2지구
2440,대덕,코이코 주식회사,2지구
2441,대덕,코코넛필터 주식회사,2지구
2442,대덕,코코아,2지구
2443,대덕,콜마비앤에이치㈜,2지구
2444,대덕,콤스텍주식회사,2지구
2445,대덕,퀘스트하우스,2지구
2446,대덕,큐리온텍,2지구
2447,대덕,큐텍코리아,2지구
2448,대덕,클로버소프,2지구
2449,대덕,클릭시스템,2지구
2450,대덕,클린비,2지구
2451,대덕,탑알앤디주식회사,2지구
2452,대덕,태성에스엔이,2지구
2453,대덕,태신티앤에스(주),2지구
2454,대덕,태영화성,2지구
2455,대덕,태호정밀,2지구
2456,대덕,테크노솔루션,2지구
2457,대덕,테크노자동차정비,2지구
2458,대덕,테크노자동차정비(구:나라자동차종합정비공장),2지구
2459,대덕,테크디자인,2지구
2460,대덕,텔레픽스(주),2지구
2461,대덕,토탈아이지,2지구
2462,대덕,투썬,2지구
2463,대덕,투인테크,2지구
2464,대덕,트루플러스,2지구
2465,대덕,트루플러스(주),2지구
2466,대덕,트리카이져LED,2지구
2467,대덕,티 시스템,2지구
2468,대덕,티아나,2지구
2469,대덕,티엔글로벌,2지구
2470,대덕,티옵틱스,2지구
2471,대덕,파도이엔지,2지구
2472,대덕,파워켐텍(주),2지구
2473,대덕,파워테크,2지구
2474,대덕,파워플랜트(주),2지구
2475,대덕,파이브핑거시스템,2지구
2476,대덕,팔수,2지구
2477,대덕,퍼스텍 주식회사,2지구
2478,대덕,포스랩,2지구
2479,대덕,포스트마이크로(주),2지구
2480,대덕,풍산기술연구원,2지구
2481,대덕,퓨처젠,2지구
2482,대덕,퓨쳐이엔지(주),2지구
2483,대덕,프로넥스,2지구
2484,대덕,프로메이트,2지구
2485,대덕,프로윈,2지구
2486,대덕,프리시젼바이오(주),2지구
2487,대덕,플러그인랩,2지구
2488,대덕,플로텍,2지구
2489,대덕,피비앤씨,2지구
2490,대덕,피앤씨(주)10.03.22폐쇄,2지구
2491,대덕,피에스비테크,2지구
2492,대덕,피에스에스(주),2지구
2493,대덕,피엘코리아(PL Korea),2지구
2494,대덕,피케이전자,2지구
2495,대덕,피토나인,2지구
2496,대덕,피플코리아치과기공소,2지구
2497,대덕,하나로테크,2지구
2498,대덕,하나마이크로㈜,2지구
2499,대덕,하나유테크(주),2지구
2500,대덕,하노스(주),2지구
2501,대덕,하늘터기,2지구
2502,대덕,하람이앤티,2지구
2503,대덕,하모닉스,2지구
2504,대덕,하이드로솔루션,2지구
2505,대덕,하이문화재케어,2지구
2506,대덕,하이시스템,2지구
2507,대덕,하이실,2지구
2508,대덕,하이터치,2지구
2509,대덕,학교법인 배재학당,2지구
2510,대덕,학교법인 배재학당,2지구
2511,대덕,학교법인 함주학원 한서대학교,2지구
2512,대덕,한국건설생활환경시험,2지구
2513,대덕,한국메카,2지구
2514,대덕,한국신뢰성기술센터,2지구
2515,대덕,한국에어로(주),2지구
2516,대덕,한국에어로(주),2지구
2517,대덕,한국엔텍,2지구
2518,대덕,한국원자력기술(주),2지구
2519,대덕,한국원자로감시기술(주),2지구
2520,대덕,한국절연유시험원 주식회사,2지구
2521,대덕,한국정공,2지구
2522,대덕,한국제조기술,2지구
2523,대덕,한국조폐공사ID본부,2지구
2524,대덕,한국타피(주),2지구
2525,대덕,한국환경분석연구소(주),2지구
2526,대덕,한남엔지니어링,2지구
2527,대덕,한노텍(주),2지구
2528,대덕,한뫼정공,2지구
2529,대덕,한밭대학교,2지구
2530,대덕,한백과학,2지구
2531,대덕,한빛태양광발전소5호,2지구
2532,대덕,한성엔지니어링,2지구
2533,대덕,한성인더스트리,2지구
2534,대덕,한스바이오메드㈜,2지구
2535,대덕,한신정보기술,2지구
2536,대덕,한아에코와이드(주),2지구
2537,대덕,한양네비콤(주),2지구
2538,대덕,한영산업,2지구
2539,대덕,한올제약(주),2지구
2540,대덕,한울생명과학(주),2지구
2541,대덕,한일공조냉동,2지구
2542,대덕,한일원자력(주),2지구
2543,대덕,한일통신합자회사,2지구
2544,대덕,한진텍슨,2지구
2545,대덕,한텍,2지구
2546,대덕,한화통신주식회사,2지구
2547,대덕,해강엔지니어링,2지구
2548,대덕,해성전기(주),2지구
2549,대덕,해조자원,2지구
2550,대덕,해피코스,2지구
2551,대덕,헤리콘,2지구
2552,대덕,헤브론,2지구
2553,대덕,현대소프트웨어,2지구
2554,대덕,현대정보기술(주),2지구
2555,대덕,현대테크,2지구
2556,대덕,형제스틸ENG,2지구
2557,대덕,호감테크놀로지(주),2지구
2558,대덕,호산인터내셔널,2지구
2559,대덕,홍덕산업(주),2지구
2560,대덕,홍덕산업(주),2지구
2561,대덕,화성테크,2지구
2562,대덕,환경보전협회,2지구
2563,대덕,휠러스(주),2지구
2564,대덕,휴켐브레인 주식회사,2지구
2565,대덕,휴텍앤,2지구
2566,대덕,히오키코리아(주),2지구
2567,대덕,(주)개마텍,3지구
2568,대덕,(주)금강에스텍,3지구
2569,대덕,(주)나노시스템,3지구
2570,대덕,(주)넥스컴스,3지구
2571,대덕,(주)답스,3지구
2572,대덕,(주)두성기술,3지구
2573,대덕,(주)디엔에프,3지구
2574,대덕,(주)리가스,3지구
2575,대덕,(주)벡스,3지구
2576,대덕,(주)상상이룸,3지구
2577,대덕,(주)에스앤텍대전지점,3지구
2578,대덕,(주)엑스골프,3지구
2579,대덕,(주)엠아이티코리아,3지구
2580,대덕,(주)엠엘텍,3지구
2581,대덕,(주)일성테크,3지구
2582,대덕,(주)정기계,3지구
2583,대덕,(주)태한,3지구
2584,대덕,(주)태현,3지구
2585,대덕,(주)한켐,3지구
2586,대덕,(주)해빛에너지,3지구
2587,대덕,㈜거산정보통신,3지구
2588,대덕,동양씨앤에이(주),3지구
2589,대덕,마이크로에스엔브이콘트롤(주),3지구
2590,대덕,메카텍,3지구
2591,대덕,명성공업(주),3지구
2592,대덕,샘플온,3지구
2593,대덕,스트로마그코리아(주),3지구
2594,대덕,씨에어(주),3지구
2595,대덕,엔알피코리아,3지구
2596,대덕,오일기어코리아(주),3지구
2597,대덕,이엘케이(주),3지구
2598,대덕,주식회사 지오필테크,3지구
2599,대덕,주영정보통신(주),3지구
2600,대덕,한국벨트서비스,3지구
2601,대덕,한빛이디에스(주),3지구
2602,대덕,한소주식회사,3지구
2603,대덕,(유)대한중공업,4지구
2604,대덕,(주)EG,4지구
2605,대덕,(주)IPTC,4지구
2606,대덕,(주)경원알미늄,4지구
2607,대덕,(주)과학기술분석센타,4지구
2608,대덕,(주)나노하이테크,4지구
2609,대덕,(주)뉴클리어엔지니어링,4지구
2610,대덕,(주)다원시스,4지구
2611,대덕,(주)대덕분석기술연구원,4지구
2612,대덕,(주)대영에스텍,4지구
2613,대덕,(주)동양기술,4지구
2614,대덕,(주)디씨엔,4지구
2615,대덕,(주)라컴텍,4지구
2616,대덕,(주)레스텍,4지구
2617,대덕,(주)루벤틱스에이디엠,4지구
2618,대덕,(주)리가켐바이오사이언스,4지구
2619,대덕,(주)리베스트,4지구
2620,대덕,(주)리폼테크,4지구
2621,대덕,(주)메타비즈,4지구
2622,대덕,(주)모아,4지구
2623,대덕,(주)모아이에스,4지구
2624,대덕,(주)목우연구소,4지구
2625,대덕,(주)미소정보기술,4지구
2626,대덕,(주)민테크,4지구
2627,대덕,(주)바이탈스,4지구
2628,대덕,(주)백상,4지구
2629,대덕,(주)삼영검사엔지니어링,4지구
2630,대덕,(주)세이퍼존,4지구
2631,대덕,(주)스마트코리아,4지구
2632,대덕,(주)스탠더드시험연구소,4지구
2633,대덕,(주)신테카바이오,4지구
2634,대덕,(주)쎄트렉아이,4지구
2635,대덕,(주)쓰리디머티리얼즈,4지구
2636,대덕,(주)씨에이치씨 바이오텍,4지구
2637,대덕,(주)씨에이치씨랩,4지구
2638,대덕,(주)씨엠씨코리아,4지구
2639,대덕,(주)아름덴티스트리,4지구
2640,대덕,(주)아이비젼웍스,4지구
2641,대덕,(주)알테오젠,4지구
2642,대덕,(주)알피에스,4지구
2643,대덕,(주)에그텍,4지구
2644,대덕,(주)에버,4지구
2645,대덕,(주)에스알,4지구
2646,대덕,(주)에스엔,4지구
2647,대덕,(주)에스엠텍 ,4지구
2648,대덕,(주)에스제이신소재,4지구
2649,대덕,(주)에이멕,4지구
2650,대덕,(주)에이스바이옴,4지구
2651,대덕,(주)에이투엠,4지구
2652,대덕,(주)에프씨피,4지구
2653,대덕,(주)엘투케이,4지구
2654,대덕,(주)이노웍스,4지구
2655,대덕,(주)이앤에스헬스케어,4지구
2656,대덕,(주)이프랜트,4지구
2657,대덕,(주)인코스팜,4지구
2658,대덕,(주)제이엔디,4지구
2659,대덕,(주)제이엘텍코퍼레이션,4지구
2660,대덕,(주)지노믹트리,4지구
2661,대덕,(주)지티사이언,4지구
2662,대덕,(주)진솔터보기계,4지구
2663,대덕,(주)차메디텍,4지구
2664,대덕,(주)커미조아-탑립동 914,4지구
2665,대덕,(주)케이벨,4지구
2666,대덕,(주)큐토프,4지구
2667,대덕,(주)텍코드,4지구
2668,대덕,(주)파워이십일,4지구
2669,대덕,(주)피레타,4지구
2670,대덕,(주)한국이엔지,4지구
2671,대덕,(주)휴랩,4지구
2672,대덕,㈜이스트포토닉스,4지구
2673,대덕,기초과학연구원,4지구
2674,대덕,나노팀 주식회사,4지구
2675,대덕,대전광역시청,4지구
2676,대덕,대전광역시청,4지구
2677,대덕,대전테크노파크,4지구
2678,대덕,대하테크원(주),4지구
2679,대덕,로츠,4지구
2680,대덕,머크 주식회사,4지구
2681,대덕,바램시스템,4지구
2682,대덕,밥스주식회사,4지구
2683,대덕,브이앤씨테크(주),4지구
2684,대덕,블루케미칼,4지구
2685,대덕,비욘드바이오(주),4지구
2686,대덕,상원엔지니어링(주),4지구
2687,대덕,스마트 엔지니어링,4지구
2688,대덕,아이작리서치 (주),4지구
2689,대덕,아트원주식회사,4지구
2690,대덕,앤스코(주),4지구
2691,대덕,에이유브이랩,4지구
2692,대덕,에이치엘비(주) 헬스케어,4지구
2693,대덕,에이티비,4지구
2694,대덕,영남강철(주),4지구
2695,대덕,위드비웰(주),4지구
2696,대덕,위텍코퍼레이션(주),4지구
2697,대덕,유온로보틱스,4지구
2698,대덕,이오아이알(주),4지구
2699,대덕,주식회사 씨피코스메틱,4지구
2700,대덕,주식회사 에르코스 농업회사법인,4지구
2701,대덕,주식회사 위스팩,4지구
2702,대덕,주식회사 유피세미콘,4지구
2703,대덕,주식회사 제이제이엔에스,4지구
2704,대덕,주식회사 지스,4지구
2705,대덕,주식회사 충투에너지,4지구
2706,대덕,주식회사 큐로셀,4지구
2707,대덕,주식회사 테라웍스,4지구
2708,대덕,주식회사아이온큐브,4지구
2709,대덕,주식회사피에이치에스,4지구
2710,대덕,충남대학교,4지구
2711,대덕,티에스하이텍,4지구
2712,대덕,피엔피에너지텍주식회사,4지구
2713,대덕,한국에스엠씨 주식회사,4지구
2714,대덕,한국전자통신연구원 부설 국가보안기술연구소,4지구
2715,대덕,한일통신(주),4지구
2716,대덕,한전KPS,4지구
2717,대덕,휴론텍(주),4지구
2718,대덕,휴비스트제약,4지구
2719,대덕,(주)한화(스페셜티케미칼연구센터),5지구
2720,대덕,국방과학연구소,5지구
2721,대덕,주식회사 에이디디보안환경관리단,5지구
2722,대덕,주식회사 코리아 디펜스 인더스트리,5지구
2723,대덕,한화시스템(주),5지구
2724,대덕,한화에어로스페이스(주),5지구
2725,광주,(유)세레스,첨단1지구
2726,광주,(주)비다랩스,첨단1지구
2727,광주,(주)아이비디,첨단1지구
2728,광주,(주)에스오에스랩,첨단1지구
2729,광주,(주)엑서랩스,첨단1지구
2730,광주,(주)엘디스,첨단1지구
2731,광주,(주)엠케이산업,첨단1지구
2732,광주,(주)엠티펙스,첨단1지구
2733,광주,(주)옵텔라,첨단1지구
2734,광주,(주)와이텔포토닉스,첨단1지구
2735,광주,(주)유니즈소프트,첨단1지구
2736,광주,(주)제이엔에스,첨단1지구
2737,광주,(주)지민테크,첨단1지구
2738,광주,가도테크,첨단1지구
2739,광주,광주과학기술원,첨단1지구
2740,광주,국립광주과학관,첨단1지구
2741,광주,농업회사법인 주식회사 스마트아크,첨단1지구
2742,광주,루메닉스 주식회사,첨단1지구
2743,광주,리버밴스 주식회사,첨단1지구
2744,광주,방어시식단,첨단1지구
2745,광주,부경,첨단1지구
2746,광주,에코번코리아 주식회사,첨단1지구
2747,광주,이글이비전,첨단1지구
2748,광주,이노디테크 주식회사,첨단1지구
2749,광주,인셀주식회사,첨단1지구
2750,광주,정린네 주식회사,첨단1지구
2751,광주,제노테크 주식회사,첨단1지구
2752,광주,주)퓨리파이테크노,첨단1지구
2753,광주,주식회사 메가웍스,첨단1지구
2754,광주,주식회사 시고르자브종 ,첨단1지구
2755,광주,주식회사 에스디테크,첨단1지구
2756,광주,주식회사 이글이비전,첨단1지구
2757,광주,주식회사 이노셉 ,첨단1지구
2758,광주,주식회사 지아이랩,첨단1지구
2759,광주,주식회사 코셋,첨단1지구
2760,광주,주식회사 티이,첨단1지구
2761,광주,피스바이오 주식회사,첨단1지구
2762,광주,(주)동행정공,첨단2지구
2763,광주,성진정공,첨단2지구
2764,광주,(주)스위치온,첨단3지구
2765,광주,(주)이삭에너지,첨단3지구
2766,광주,스마트라이팅주식회사,첨단3지구
2767,광주,주식회사 나노바이오시스템,첨단3지구
2768,광주,주식회사 제이투모로우원,첨단3지구
2769,광주,파인디씨피에프브이 주식회사,첨단3지구
2770,광주,(유)대경산업,나노지구
2771,광주,(유)삼인정보,나노지구
2772,광주,(유)제이티솔루션,나노지구
2773,광주,(재)전남바이오진흥원 나노바이오연구센터,나노지구
2774,광주,(주) 거송기업,나노지구
2775,광주,(주)가야산업개발,나노지구
2776,광주,(주)거도,나노지구
2777,광주,(주)광성물류센터,나노지구
2778,광주,(주)구성이엔씨,나노지구
2779,광주,(주)금강정밀,나노지구
2780,광주,(주)기성산업,나노지구
2781,광주,(주)길흥이엔지,나노지구
2782,광주,(주)네폐쉬,나노지구
2783,광주,(주)다나메디컬,나노지구
2784,광주,(주)다온알에스,나노지구
2785,광주,(주)대성화학,나노지구
2786,광주,(주)대신물산_나노,나노지구
2787,광주,(주)대화정공,나노지구
2788,광주,(주)덕암,나노지구
2789,광주,(주)덕우기계,나노지구
2790,광주,(주)데스코,나노지구
2791,광주,(주)동원메디칼,나노지구
2792,광주,(주)디나텍,나노지구
2793,광주,(주)라도,나노지구
2794,광주,(주)라바기업,나노지구
2795,광주,(주)명품,나노지구
2796,광주,(주)미래에스앤씨,나노지구
2797,광주,(주)바우만테크,나노지구
2798,광주,(주)반석산업,나노지구
2799,광주,(주)백터네이트코리아,나노지구
2800,광주,(주)벤텍프런티어,나노지구
2801,광주,(주)비엔비테크,나노지구
2802,광주,(주)비엘시스템,나노지구
2803,광주,(주)비엠티코리아,나노지구
2804,광주,(주)사람과창,나노지구
2805,광주,(주)산정엔지니어링,나노지구
2806,광주,(주)삼원산업,나노지구
2807,광주,(주)삼인이엔지,나노지구
2808,광주,(주)삼인이엔지,나노지구
2809,광주,(주)삼현,나노지구
2810,광주,(주)새벽,나노지구
2811,광주,(주)섬섬바이오,나노지구
2812,광주,(주)성도테크,나노지구
2813,광주,(주)성동테크,나노지구
2814,광주,(주)성하스틸,나노지구
2815,광주,(주)세림전자,나노지구
2816,광주,(주)스마트,나노지구
2817,광주,(주)스타텍,나노지구
2818,광주,(주)승화하이테크,나노지구
2819,광주,(주)시그너스파워,나노지구
2820,광주,(주)시지바이오,나노지구
2821,광주,(주)시지산업,나노지구
2822,광주,(주)시지아이,나노지구
2823,광주,(주)시지종합건설,나노지구
2824,광주,(주)시지테크,나노지구
2825,광주,(주)신광,나노지구
2826,광주,(주)신영이노텍,나노지구
2827,광주,(주)신용아이엔씨,나노지구
2828,광주,(주)심비스타,나노지구
2829,광주,(주)씽크그라프트,나노지구
2830,광주,(주)아이비에스에프에이,나노지구
2831,광주,(주)알에이치티_나노바이오연구원,나노지구
2832,광주,(주)에쓰에쓰바이오,나노지구
2833,광주,(주)에이비엘,나노지구
2834,광주,(주)에이치씨엔씨 호남지사,나노지구
2835,광주,(주)에이치앤케이이앤지,나노지구
2836,광주,(주)에코레이,나노지구
2837,광주,(주)에프비지코리아,나노지구
2838,광주,(주)엘에스에어테크,나노지구
2839,광주,(주)엠텍정보기술,나노지구
2840,광주,(주)예광창호,나노지구
2841,광주,(주)오감테크놀러지,나노지구
2842,광주,(주)오성이엔지,나노지구
2843,광주,(주)오케이쏠라,나노지구
2844,광주,(주)오케이이엔씨,나노지구
2845,광주,(주)오토콘,나노지구
2846,광주,(주)우성알앤티,나노지구
2847,광주,(주)월드코스텍,나노지구
2848,광주,(주)위니아글로벌테크,나노지구
2849,광주,(주)윈글로벌,나노지구
2850,광주,(주)유니텍솔루션,나노지구
2851,광주,(주)이노탑,나노지구
2852,광주,(주)이성테크,나노지구
2853,광주,(주)이엘티,나노지구
2854,광주,(주)이온,나노지구
2855,광주,(주)인터테크,나노지구
2856,광주,(주)장덕금속,나노지구
2857,광주,(주)정신전자,나노지구
2858,광주,(주)정우엔지니어링,나노지구
2859,광주,(주)정인테크,나노지구
2860,광주,(주)조은데코,나노지구
2861,광주,(주)조은데코,나노지구
2862,광주,(주)조인테크,나노지구
2863,광주,(주)주영정공,나노지구
2864,광주,(주)주영테크,나노지구
2865,광주,(주)지엔이피에스,나노지구
2866,광주,(주)진산인포시스,나노지구
2867,광주,(주)참든건강과학 농업회사법인,나노지구
2868,광주,(주)케이티비(K-TB),나노지구
2869,광주,(주)코리아모빌리티,나노지구
2870,광주,(주)코스,나노지구
2871,광주,(주)큐싸인엘이디,나노지구
2872,광주,(주)파인트코리아,나노지구
2873,광주,(주)평강,나노지구
2874,광주,(주)포스포,나노지구
2875,광주,(주)하람엔지니어링,나노지구
2876,광주,(주)하리온,나노지구
2877,광주,(주)하이쏠라,나노지구
2878,광주,(주)한국필터시험원,나노지구
2879,광주,(주)한별산업,나노지구
2880,광주,(주)한별산업,나노지구
2881,광주,(주)한성이에스,나노지구
2882,광주,(주)한솔보드,나노지구
2883,광주,(주)한양,나노지구
2884,광주,(주)해송기업,나노지구
2885,광주,(주)현농,나노지구
2886,광주,(주)현대에스엔지,나노지구
2887,광주,(주)현명,나노지구
2888,광주,(주)현진기업,나노지구
2889,광주,(주)화인컴일렉스,나노지구
2890,광주,(주)효성전력,나노지구
2891,광주,(주)효성종합기술,나노지구
2892,광주,K-테크,나노지구
2893,광주,KS TEC,나노지구
2894,광주,가람산업,나노지구
2895,광주,강일에스티(주),나노지구
2896,광주,강호이엔지,나노지구
2897,광주,고려오트론(주),나노지구
2898,광주,광성기계설비,나노지구
2899,광주,광주과학수사연구소,나노지구
2900,광주,그린에스텔 주식회사,나노지구
2901,광주,그린인더스트리 주식회사,나노지구
2902,광주,그린테크(주),나노지구
2903,광주,금산전력(주),나노지구
2904,광주,길흥엔지니어링,나노지구
2905,광주,까띠끌레융바이오,나노지구
2906,광주,농업회사법인 (주)에코레스트,나노지구
2907,광주,농업회사법인 유한회사 지원,나노지구
2908,광주,농업회사법인 전남한돈친환경 주식회사,나노지구
2909,광주,농업회사법인 주식회사 이레,나노지구
2910,광주,농업회사법인 프라임팜(주),나노지구
2911,광주,농업회사법인(주)동광이엔지,나노지구
2912,광주,농업회사법인(주)새벽팜,나노지구
2913,광주,농업회사법인(주)승영에프앤비,나노지구
2914,광주,농업회사법인금광(주),나노지구
2915,광주,농업회사법인주식회사드림트리,나노지구
2916,광주,대림정밀공업(주),나노지구
2917,광주,대아,나노지구
2918,광주,대영산업(주),나노지구
2919,광주,대화엔지니어링,나노지구
2920,광주,두리전기(주),나노지구
2921,광주,디엘테크 주식회사,나노지구
2922,광주,라온복지기전사업단,나노지구
2923,광주,레드원테크놀러지(주),나노지구
2924,광주,링크에프엔비,나노지구
2925,광주,맥스엔지니어링(주),나노지구
2926,광주,메타비오티(주),나노지구
2927,광주,명성산업,나노지구
2928,광주,무진기공(주),나노지구
2929,광주,바이오알파,나노지구
2930,광주,바이오알파,나노지구
2931,광주,브이케이프론티어(주),나노지구
2932,광주,블루오션,나노지구
2933,광주,사단법인 빛가람행복나눔복지회,나노지구
2934,광주,새롬정밀기술(주),나노지구
2935,광주,서린비앤에이치 주식회사,나노지구
2936,광주,서보정밀,나노지구
2937,광주,서흥이엔지주식회사,나노지구
2938,광주,서희식품기계,나노지구
2939,광주,성호그린테크(주),나노지구
2940,광주,세종스텐,나노지구
2941,광주,송연종합건설(주),나노지구
2942,광주,송우테크,나노지구
2943,광주,신기술융합(주),나노지구
2944,광주,신영이노텍,나노지구
2945,광주,알앤비시스템(주),나노지구
2946,광주,애니젠(주),나노지구
2947,광주,에스케이테크,나노지구
2948,광주,에이비메디컬(주),나노지구
2949,광주,에이스테크,나노지구
2950,광주,에이아이텍주식회사,나노지구
2951,광주,에코텍(주),나노지구
2952,광주,에프엠씨코리아주식회사,나노지구
2953,광주,엔터(ENTER),나노지구
2954,광주,영진테크,나노지구
2955,광주,우가네(주),나노지구
2956,광주,유디철강(주),나노지구
2957,광주,유한회사영서이엔지,나노지구
2958,광주,인우steel,나노지구
2959,광주,장덕금속,나노지구
2960,광주,장애인 어울림사업단,나노지구
2961,광주,정광알미늄 (주),나노지구
2962,광주,정린산업,나노지구
2963,광주,정성이엔지,나노지구
2964,광주,정우엔지니어링,나노지구
2965,광주,정인테크,나노지구
2966,광주,제이에스테크(주),나노지구
2967,광주,제이엔티(주),나노지구
2968,광주,제이와이솔루션(주),나노지구
2969,광주,주식회사 감성,나노지구
2970,광주,주식회사 거담양산,나노지구
2971,광주,주식회사 건탁,나노지구
2972,광주,주식회사 덕진,나노지구
2973,광주,주식회사 데스코티에스,나노지구
2974,광주,주식회사 라온21,나노지구
2975,광주,주식회사 서희,나노지구
2976,광주,주식회사 세온이노베이션,나노지구
2977,광주,주식회사 시정이엔지,나노지구
2978,광주,주식회사 에코베이션 ,나노지구
2979,광주,주식회사 엠엠씨,나노지구
2980,광주,주식회사 오케이오,나노지구
2981,광주,주식회사 와이에이치이엔지,나노지구
2982,광주,주식회사 웰트,나노지구
2983,광주,주식회사 제이에스바이오,나노지구
2984,광주,주식회사 제이와이씨,나노지구
2985,광주,주식회사 쥴,나노지구
2986,광주,주식회사 지엘에스,나노지구
2987,광주,주식회사 프롬,나노지구
2988,광주,주식회사 피티씨,나노지구
2989,광주,주식회사 현성에프엔티,나노지구
2990,광주,주식회사 호그린에어,나노지구
2991,광주,주식회사 화인컴,나노지구
2992,광주,주식회사웰빙풀문,나노지구
2993,광주,주식회사유니텍,나노지구
2994,광주,죽향콩영농조합법인,나노지구
2995,광주,지엘시스템,나노지구
2996,광주,창성엔지니어링(주),나노지구
2997,광주,케이원케미칼,나노지구
2998,광주,탈렌티스(주),나노지구
2999,광주,태영기계,나노지구
3000,광주,테라스가든(주),나노지구
3001,광주,테라웨이브 농업회사법인 주식회사,나노지구
3002,광주,티제이산업(주),나노지구
3003,광주,프로텍이엠에스(주),나노지구
3004,광주,프로텍코리아(주),나노지구
3005,광주,플라존케이,나노지구
3006,광주,필립바이오스,나노지구
3007,광주,한국스틸론,나노지구
3008,광주,한빛코리아(주),나노지구
3009,광주,한아에스에스(주),나노지구
3010,광주,해강에너지주식회사,나노지구
3011,광주,해표산업(주),나노지구
3012,광주,향기유통,나노지구
3013,광주,향기팜,나노지구
3014,광주,(주)마스이노테크,대학 및 기타지구
3015,광주,(주)솔빅테크,대학 및 기타지구
3016,광주,(주)씨에스에스,대학 및 기타지구
3017,광주,(주)애니포스,대학 및 기타지구
3018,광주,(주)에너지플래닛,대학 및 기타지구
3019,광주,(주)에드캠투,대학 및 기타지구
3020,광주,(주)에머스,대학 및 기타지구
3021,광주,(주)에코비엘씨,대학 및 기타지구
3022,광주,(주)엠에스건설기술,대학 및 기타지구
3023,광주,(주)올리브온,대학 및 기타지구
3024,광주,(주)와이드케이,대학 및 기타지구
3025,광주,(주)이커버스,대학 및 기타지구
3026,광주,(주)페이지원,대학 및 기타지구
3027,광주,(주)플래닛메타,대학 및 기타지구
3028,광주,(주)피앤제이첨단소재,대학 및 기타지구
3029,광주,나우헬스케어,대학 및 기타지구
3030,광주,다민엔지니어링,대학 및 기타지구
3031,광주,드론평야,대학 및 기타지구
3032,광주,드림,대학 및 기타지구
3033,광주,레피소드 주식회사,대학 및 기타지구
3034,광주,리엘라게임,대학 및 기타지구
3035,광주,메타플랜 주식회사,대학 및 기타지구
3036,광주,민서아이오티주식회사,대학 및 기타지구
3037,광주,삼학기술,대학 및 기타지구
3038,광주,센코리아,대학 및 기타지구
3039,광주,스마트경영연구소,대학 및 기타지구
3040,광주,씨엔티,대학 및 기타지구
3041,광주,아람하이텍,대학 및 기타지구
3042,광주,알앤디티씨,대학 및 기타지구
3043,광주,언맨드시스템,대학 및 기타지구
3044,광주,에스지메딕 주식회사,대학 및 기타지구
3045,광주,엠이디바이오텍,대학 및 기타지구
3046,광주,웨이스트홀리데이,대학 및 기타지구
3047,광주,위앤미교육연구소,대학 및 기타지구
3048,광주,자생,대학 및 기타지구
3049,광주,전남대학교,대학 및 기타지구
3050,광주,전남미래학사 주식회사,대학 및 기타지구
3051,광주,주식회사 나노비즈,대학 및 기타지구
3052,광주,주식회사 나로수,대학 및 기타지구
3053,광주,주식회사 락토마이스터,대학 및 기타지구
3054,광주,주식회사 메타아이원,대학 및 기타지구
3055,광주,주식회사 아이피아,대학 및 기타지구
3056,광주,주식회사 에이아이시드,대학 및 기타지구
3057,광주,주식회사 엘에이치에이피,대학 및 기타지구
3058,광주,주식회사 오토웰즈,대학 및 기타지구
3059,광주,주식회사 제이앤유글로벌,대학 및 기타지구
3060,광주,주식회사 제이엘시스템,대학 및 기타지구
3061,광주,주식회사 지엔이앤엠,대학 및 기타지구
3062,광주,주식회사 큐얼스,대학 및 기타지구
3063,광주,주식회사 태고테크놀로지,대학 및 기타지구
3064,광주,주식회사 파인밀,대학 및 기타지구
3065,광주,주식회사 포스있지,대학 및 기타지구
3066,광주,주식회사 휴텍산업,대학 및 기타지구
3067,광주,주식회사티제이에코시스(TJECOSYS),대학 및 기타지구
3068,광주,큐레스 주식회사 ,대학 및 기타지구
3069,광주,태성파워텍 주식회사,대학 및 기타지구
3070,광주,폴라리스,대학 및 기타지구
3071,광주,플레이 위드 북,대학 및 기타지구
3072,광주,픽솔루션,대학 및 기타지구
3073,광주,학교법인우암학원,대학 및 기타지구
3074,광주,학교법인조선대학교,대학 및 기타지구
3075,광주,한국토지주택공사 광주전남지역본부,대학 및 기타지구
3076,광주,(유)거성스틸,진곡지구
3077,광주,(유)남선엔지니어링,진곡지구
3078,광주,(유)남양특수강,진곡지구
3079,광주,(유)남양특수강,진곡지구
3080,광주,(유)대덕기업,진곡지구
3081,광주,(유)대동기공,진곡지구
3082,광주,(유)대명환경법인,진곡지구
3083,광주,(유)삼능기계,진곡지구
3084,광주,(유)새롬인더스,진곡지구
3085,광주,(유)케이앤테크,진곡지구
3086,광주,(재)광주그린카진흥원,진곡지구
3087,광주,(주)경광기업,진곡지구
3088,광주,(주)경신케이블,진곡지구
3089,광주,(주)광원,진곡지구
3090,광주,(주)광원이엔지(GWE),진곡지구
3091,광주,(주)광주프리텍,진곡지구
3092,광주,(주)광진산업,진곡지구
3093,광주,(주)광진이앤씨,진곡지구
3094,광주,(주)금창산업,진곡지구
3095,광주,(주)기현,진곡지구
3096,광주,(주)길상엔지니어링,진곡지구
3097,광주,(주)길상일렉트릭,진곡지구
3098,광주,(주)남양스틸,진곡지구
3099,광주,(주)남영자동화,진곡지구
3100,광주,(주)넥센,진곡지구
3101,광주,(주)뉴런모터스,진곡지구
3102,광주,(주)뉴원이앤씨,진곡지구
3103,광주,(주)다성이엔지,진곡지구
3104,광주,(주)대덕디엠씨,진곡지구
3105,광주,(주)대림신소재,진곡지구
3106,광주,(주)대명특장,진곡지구
3107,광주,(주)대유플러스 진곡지점,진곡지구
3108,광주,(주)대진,진곡지구
3109,광주,(주)대현테크,진곡지구
3110,광주,(주)더블유원,진곡지구
3111,광주,(주)덕흥,진곡지구
3112,광주,(주)도곤,진곡지구
3113,광주,(주)동서이엔지,진곡지구
3114,광주,(주)동양금속,진곡지구
3115,광주,(주)동양정공,진곡지구
3116,광주,(주)두루,진곡지구
3117,광주,(주)두륭,진곡지구
3118,광주,(주)드림트리,진곡지구
3119,광주,(주)디에스피,진곡지구
3120,광주,(주)디케이하이테크,진곡지구
3121,광주,(주)라우텍,진곡지구
3122,광주,(주)명신하이텍,진곡지구
3123,광주,(주)명지,진곡지구
3124,광주,(주)명지산업,진곡지구
3125,광주,(주)명진하이테크,진곡지구
3126,광주,(주)무등정밀공업,진곡지구
3127,광주,(주)미삭,진곡지구
3128,광주,(주)민성,진곡지구
3129,광주,(주)백건스틸,진곡지구
3130,광주,(주)백룡,진곡지구
3131,광주,(주)부성엠에스,진곡지구
3132,광주,(주)부일에스티,진곡지구
3133,광주,(주)브리슨,진곡지구
3134,광주,(주)삼성철망,진곡지구
3135,광주,(주)삼신산업안전,진곡지구
3136,광주,(주)삼호씨티,진곡지구
3137,광주,(주)삼호엔씨티,진곡지구
3138,광주,(주)서광테크,진곡지구
3139,광주,(주)서일에프에이씨스템,진곡지구
3140,광주,(주)선종,진곡지구
3141,광주,(주)선진알미늄,진곡지구
3142,광주,(주)세영테크앤,진곡지구
3143,광주,(주)세일금형,진곡지구
3144,광주,(주)송현테크,진곡지구
3145,광주,(주)수로,진곡지구
3146,광주,(주)수인산업,진곡지구
3147,광주,(주)수호,진곡지구
3148,광주,(주)승인테크,진곡지구
3149,광주,(주)신성테크,진곡지구
3150,광주,(주)신성피앤디,진곡지구
3151,광주,(주)신원씨엔에스,진곡지구
3152,광주,(주)신화이엔지,진곡지구
3153,광주,(주)써지코어,진곡지구
3154,광주,(주)썬로드,진곡지구
3155,광주,(주)씨아이에스케미칼,진곡지구
3156,광주,(주)씨엔티,진곡지구
3157,광주,(주)아스트로,진곡지구
3158,광주,(주)에스디전자,진곡지구
3159,광주,(주)에스에스몰드,진곡지구
3160,광주,(주)에스엠뿌레,진곡지구
3161,광주,(주)에스이,진곡지구
3162,광주,(주)에스지케이,진곡지구
3163,광주,(주)에이아이피,진곡지구
3164,광주,(주)에이원테크놀러지,진곡지구
3165,광주,(주)에이치케이정밀,진곡지구
3166,광주,(주)에코크린,진곡지구
3167,광주,(주)엔에스정공,진곡지구
3168,광주,(주)엘플러스,진곡지구
3169,광주,(주)연진에프에이,진곡지구
3170,광주,(주)영풍금형,진곡지구
3171,광주,(주)와이비제이메탈,진곡지구
3172,광주,(주)와이케이시스템,진곡지구
3173,광주,(주)우등산업,진곡지구
3174,광주,(주)우리엔지니어링,진곡지구
3175,광주,(주)운암솔루션,진곡지구
3176,광주,(주)원솔루션,진곡지구
3177,광주,(주)원진테크,진곡지구
3178,광주,(주)유니전력,진곡지구
3179,광주,(주)유스앤,진곡지구
3180,광주,(주)유피이엔지,진곡지구
3181,광주,(주)재원테크,진곡지구
3182,광주,(주)재인테크,진곡지구
3183,광주,(주)재환,진곡지구
3184,광주,(주)전진티티에스,진곡지구
3185,광주,(주)정진시스템,진곡지구
3186,광주,(주)정현하이텍,진곡지구
3187,광주,(주)제이앤아이시스템,진곡지구
3188,광주,(주)제이앤엘테크,진곡지구
3189,광주,(주)제이앤엠테크,진곡지구
3190,광주,(주)제이엠이앤씨,진곡지구
3191,광주,(주)제이엠케이,진곡지구
3192,광주,(주)제일,진곡지구
3193,광주,(주)주익정밀,진곡지구
3194,광주,(주)주익정밀,진곡지구
3195,광주,(주)준테크,진곡지구
3196,광주,(주)중용산업,진곡지구
3197,광주,(주)지산테크,진곡지구
3198,광주,(주)지알켐,진곡지구
3199,광주,(주)지엔이노텍,진곡지구
3200,광주,(주)지엔이노텍 진곡산단점,진곡지구
3201,광주,(주)지엘에스,진곡지구
3202,광주,(주)지유,진곡지구
3203,광주,(주)지이에스티,진곡지구
3204,광주,(주)지피전자,진곡지구
3205,광주,(주)진성하이텍,진곡지구
3206,광주,(주)진양,진곡지구
3207,광주,(주)진영엔지니어링,진곡지구
3208,광주,(주)진평컴퍼니,진곡지구
3209,광주,(주)진흥특장,진곡지구
3210,광주,(주)창조이앤지,진곡지구
3211,광주,(주)천일전기,진곡지구
3212,광주,(주)초이스툴링,진곡지구
3213,광주,(주)카이트알브이,진곡지구
3214,광주,(주)케이모텍,진곡지구
3215,광주,(주)케이에스티정공,진곡지구
3216,광주,(주)케이엔,진곡지구
3217,광주,(주)케이제이메디텍,진곡지구
3218,광주,(주)케이지엔지니어링,진곡지구
3219,광주,(주)코리아세우일렉트로닉스,진곡지구
3220,광주,(주)코마테크,진곡지구
3221,광주,(주)타스테크놀로지,진곡지구
3222,광주,(주)태경산업,진곡지구
3223,광주,(주)태경하이텍,진곡지구
3224,광주,(주)태성피엔텍,진곡지구
3225,광주,(주)태양스텐,진곡지구
3226,광주,(주)태평스틸,진곡지구
3227,광주,(주)태형솔루션,진곡지구
3228,광주,(주)티앤씨이엔지,진곡지구
3229,광주,(주)파워텍,진곡지구
3230,광주,(주)파워홀딩스,진곡지구
3231,광주,(주)파이엘테크,진곡지구
3232,광주,(주)포비드림,진곡지구
3233,광주,(주)포엠에너지,진곡지구
3234,광주,(주)포제이,진곡지구
3235,광주,(주)프리모,진곡지구
3236,광주,(주)하나몰드베이스,진곡지구
3237,광주,(주)하이덴탈코리아,진곡지구
3238,광주,(주)하이본,진곡지구
3239,광주,(주)한국금형부품,진곡지구
3240,광주,(주)한국알앤드디,진곡지구
3241,광주,(주)한솔정공,진곡지구
3242,광주,(주)한아,진곡지구
3243,광주,(주)헤드라인,진곡지구
3244,광주,(주)현승이피엘,진곡지구
3245,광주,(주)현태정밀,진곡지구
3246,광주,JI TECH,진곡지구
3247,광주,KM테크,진곡지구
3248,광주,MJ Tech,진곡지구
3249,광주,OR SYSTEM,진곡지구
3250,광주,㈜인탑스테크닉,진곡지구
3251,광주,가람테크,진곡지구
3252,광주,가온테크,진곡지구
3253,광주,거산정밀,진곡지구
3254,광주,거성금형,진곡지구
3255,광주,경도테크,진곡지구
3256,광주,경산기계,진곡지구
3257,광주,경신케이블1호~2호 태양광발전소,진곡지구
3258,광주,고려솔루션(주),진곡지구
3259,광주,고려정밀(주),진곡지구
3260,광주,광미정밀공업,진곡지구
3261,광주,광주광역시청,진곡지구
3262,광주,구봉솔루션,진곡지구
3263,광주,구산테크,진곡지구
3264,광주,그린공조(주),진곡지구
3265,광주,금강하이텍,진곡지구
3266,광주,기린정밀공업(주),진곡지구
3267,광주,기어텍,진곡지구
3268,광주,기은산기 ,진곡지구
3269,광주,나나테크,진곡지구
3270,광주,나성기업,진곡지구
3271,광주,노바텍(주),진곡지구
3272,광주,다 윈,진곡지구
3273,광주,다이아(DAIA)전기,진곡지구
3274,광주,대경보스텍(주),진곡지구
3275,광주,대경이노텍(주),진곡지구
3276,광주,대경제이엠주식회사(하남2공장),진곡지구
3277,광주,대동테크 주식회사,진곡지구
3278,광주,대림정밀공업(주),진곡지구
3279,광주,대영기공,진곡지구
3280,광주,대천정공1태양광발전소,진곡지구
3281,광주,대천정밀,진곡지구
3282,광주,대한공조(주),진곡지구
3283,광주,도희엔지니어링,진곡지구
3284,광주,동광기업,진곡지구
3285,광주,동국성신(주),진곡지구
3286,광주,동극산업,진곡지구
3287,광주,동아오츠카(주),진곡지구
3288,광주,동진테크,진곡지구
3289,광주,동호이엔지(주),진곡지구
3290,광주,두산금형,진곡지구
3291,광주,드림에스앤씨(주),진곡지구
3292,광주,디제이스마트 주식회사,진곡지구
3293,광주,디케이유압,진곡지구
3294,광주,마노(주),진곡지구
3295,광주,메카닉솔루션(M&S),진곡지구
3296,광주,명도테크,진곡지구
3297,광주,명성테크,진곡지구
3298,광주,명진기계,진곡지구
3299,광주,모닝에스티에스(주),진곡지구
3300,광주,모두테크,진곡지구
3301,광주,모트라스 주식회사,진곡지구
3302,광주,무등스크린(주),진곡지구
3303,광주,무등정밀공업,진곡지구
3304,광주,무진정밀,진곡지구
3305,광주,문암이앤알(주),진곡지구
3306,광주,문암주식회사,진곡지구
3307,광주,미래정밀,진곡지구
3308,광주,미래테크,진곡지구
3309,광주,민영건설산업,진곡지구
3310,광주,백광이엔지,진곡지구
3311,광주,백마,진곡지구
3312,광주,부성엠에스,진곡지구
3313,광주,부영철강(주),진곡지구
3314,광주,부원철강산업,진곡지구
3315,광주,브로월드,진곡지구
3316,광주,비에프텍,진곡지구
3317,광주,비에프텍1호~4호태양광발전소,진곡지구
3318,광주,샤프이엔지주식회사,진곡지구
3319,광주,샤프정밀,진곡지구
3320,광주,서은정밀,진곡지구
3321,광주,선경자동화(주),진곡지구
3322,광주,선우테크,진곡지구
3323,광주,선진기계,진곡지구
3324,광주,선진에스씨엠주식회사,진곡지구
3325,광주,성동테크,진곡지구
3326,광주,성우스틸(주),진곡지구
3327,광주,성원태양광발전소,진곡지구
3328,광주,성현이엔씨,진곡지구
3329,광주,세아그로텍 주식회사,진곡지구
3330,광주,세지,진곡지구
3331,광주,신원 태양광발전소,진곡지구
3332,광주,신한국특장(주),진곡지구
3333,광주,신한테크(주),진곡지구
3334,광주,신화산업 주식회사,진곡지구
3335,광주,썬스,진곡지구
3336,광주,썬앰프코리아 주식회사,진곡지구
3337,광주,아세아에칭,진곡지구
3338,광주,아진정공,진곡지구
3339,광주,알텍주식회사,진곡지구
3340,광주,에스디파워텍,진곡지구
3341,광주,에스비전자(주),진곡지구
3342,광주,에스씨엘광주,진곡지구
3343,광주,에스엘 테크,진곡지구
3344,광주,에스진(주),진곡지구
3345,광주,에스케이티(주),진곡지구
3346,광주,에이스FA,진곡지구
3347,광주,에이치케이테크(주),진곡지구
3348,광주,에이펙스펌프주식회사,진곡지구
3349,광주,엘앤에스(주),진곡지구
3350,광주,엘엠정밀기계,진곡지구
3351,광주,엠에이치몰드에칭,진곡지구
3352,광주,엠티에스 주식회사,진곡지구
3353,광주,영우하이테크(주),진곡지구
3354,광주,영일기계산업,진곡지구
3355,광주,영진전자(주),진곡지구
3356,광주,영풍금형,진곡지구
3357,광주,오앤케이 주식회사,진곡지구
3358,광주,우리솔루션,진곡지구
3359,광주,우리시스템,진곡지구
3360,광주,우수정밀,진곡지구
3361,광주,우정이엔지,진곡지구
3362,광주,우진산업,진곡지구
3363,광주,유성토탈시스템,진곡지구
3364,광주,유일기계공업(주),진곡지구
3365,광주,유진산업기술(주),진곡지구
3366,광주,유한회사 신진이엔지,진곡지구
3367,광주,유한회사 장인테크,진곡지구
3368,광주,은진하이테크 ,진곡지구
3369,광주,일신기업,진곡지구
3370,광주,일흥정밀,진곡지구
3371,광주,입중코리아 주식회사,진곡지구
3372,광주,장인테크,진곡지구
3373,광주,장호이엔지(주),진곡지구
3374,광주,재영솔루션,진곡지구
3375,광주,정오금형,진곡지구
3376,광주,정우실업,진곡지구
3377,광주,정진산업,진곡지구
3378,광주,정진테크,진곡지구
3379,광주,정환테크,진곡지구
3380,광주,제이스퀘어,진곡지구
3381,광주,제이에스산업,진곡지구
3382,광주,제이에이치에스,진곡지구
3383,광주,제이엠전력(주),진곡지구
3384,광주,제이엠티(주),진곡지구
3385,광주,제이원시스템,진곡지구
3386,광주,제일오토,진곡지구
3387,광주,조양전자,진곡지구
3388,광주,조형엔지니어링,진곡지구
3389,광주,주광산업,진곡지구
3390,광주,주도정밀,진곡지구
3391,광주,주식회사 골든썬,진곡지구
3392,광주,주식회사 글로벌전자,진곡지구
3393,광주,주식회사 대광테크,진곡지구
3394,광주,주식회사 대명특장,진곡지구
3395,광주,주식회사 대흥정밀,진곡지구
3396,광주,주식회사 더엠테크,진곡지구
3397,광주,주식회사 도윤,진곡지구
3398,광주,주식회사 동양워시텍,진곡지구
3399,광주,주식회사 디엔티,진곡지구
3400,광주,주식회사 마루이엔지,진곡지구
3401,광주,주식회사 마르다,진곡지구
3402,광주,주식회사 바이오스타,진곡지구
3403,광주,주식회사 비케이그래핀,진곡지구
3404,광주,주식회사 비케이에너지,진곡지구
3405,광주,주식회사 세영글로텍,진곡지구
3406,광주,주식회사 신흥,진곡지구
3407,광주,주식회사 아이오텍,진곡지구
3408,광주,주식회사 알티엠,진곡지구
3409,광주,주식회사 에스아이씨,진곡지구
3410,광주,주식회사 엘디테크,진곡지구
3411,광주,주식회사 엘에이피,진곡지구
3412,광주,주식회사 유니테크,진곡지구
3413,광주,주식회사 유주산업기술,진곡지구
3414,광주,주식회사 자인에코,진곡지구
3415,광주,주식회사 지케이엠알오(G.K),진곡지구
3416,광주,주식회사 케이디파워솔루션,진곡지구
3417,광주,주식회사 파엠,진곡지구
3418,광주,주식회사 하나텍,진곡지구
3419,광주,주식회사 하오유,진곡지구
3420,광주,주식회사 한진기공,진곡지구
3421,광주,주식회사그린토크,진곡지구
3422,광주,주식회사신성티케이,진곡지구
3423,광주,주식회사아성금속,진곡지구
3424,광주,주식회사이앤,진곡지구
3425,광주,주식회사지지에스비,진곡지구
3426,광주,지메이드,진곡지구
3427,광주,지메이드,진곡지구
3428,광주,지산이엔지,진곡지구
3429,광주,지상정밀(유),진곡지구
3430,광주,지성이노베이션(주),진곡지구
3431,광주,지스틸주식회사,진곡지구
3432,광주,지엔에스티(주),진곡지구
3433,광주,지엔테크,진곡지구
3434,광주,지엠케이,진곡지구
3435,광주,지티엠 주식회사,진곡지구
3436,광주,지훈정밀,진곡지구
3437,광주,지훈정밀(주),진곡지구
3438,광주,진성알엔디(주),진곡지구
3439,광주,진진태양광발전소,진곡지구
3440,광주,진테크,진곡지구
3441,광주,천명하이텍,진곡지구
3442,광주,첨단정밀,진곡지구
3443,광주,친화테크,진곡지구
3444,광주,친화티엔씨주식회사,진곡지구
3445,광주,캠핑플라자,진곡지구
3446,광주,케이앤제이이엔지,진곡지구
3447,광주,케이앤제이이엔지(주),진곡지구
3448,광주,케이에이치korea,진곡지구
3449,광주,큐.엠.씨,진곡지구
3450,광주,타스정보기술,진곡지구
3451,광주,태경(주),진곡지구
3452,광주,태산ENG,진곡지구
3453,광주,태양산업,진곡지구
3454,광주,태양스텐,진곡지구
3455,광주,태영 Precision,진곡지구
3456,광주,태진철강(주),진곡지구
3457,광주,태호정공,진곡지구
3458,광주,티앤티모터스,진곡지구
3459,광주,티피에스코리아엘엘씨,진곡지구
3460,광주,파이엘테크,진곡지구
3461,광주,파크시스템,진곡지구
3462,광주,하나태양광발전소,진곡지구
3463,광주,하나테크,진곡지구
3464,광주,하남정공(주),진곡지구
3465,광주,하남중공업(주),진곡지구
3466,광주,하이리움산업(주),진곡지구
3467,광주,하이테크정밀,진곡지구
3468,광주,한국씨티엠(유),진곡지구
3469,광주,한국운로전기 광주,진곡지구
3470,광주,한국자동차연구원,진곡지구
3471,광주,한아테크,진곡지구
3472,광주,한얼기계,진곡지구
3473,광주,한정오,진곡지구
3474,광주,해은산업,진곡지구
3475,광주,혁호엔지니어링(주),진곡지구
3476,광주,현대기전테크(주),진곡지구
3477,광주,현대위아주식회사,진곡지구
3478,광주,현대위아케이제이머신(주),진곡지구
3479,광주,현대자동차(주),진곡지구
3480,광주,현대자동차(주),진곡지구
3481,광주,호남케미칼,진곡지구
3482,광주,화성이엔지(주),진곡지구
3483,광주,화천공작기계,진곡지구
3484,광주,화천공작기계(주),진곡지구
3485,광주,환Tech,진곡지구
3486,광주,효광호이스트(주),진곡지구
3487,광주,흥국스틸산업 주식회사,진곡지구
3488,광주,희망태양광발전소,진곡지구
3489,대구,(주) 씨위드,테크노폴리스지구
3490,대구,(주)AVACO,테크노폴리스지구
3491,대구,(주)가우스,테크노폴리스지구
3492,대구,(주)경성화인켐,테크노폴리스지구
3493,대구,(주)구비테크,테크노폴리스지구
3494,대구,(주)국제에프에이,테크노폴리스지구
3495,대구,(주)노벨오토모티브코리아,테크노폴리스지구
3496,대구,(주)대명ENG 현풍공장,테크노폴리스지구
3497,대구,(주)대성하이텍,테크노폴리스지구
3498,대구,(주)대아엔지니어링,테크노폴리스지구
3499,대구,(주)대주기계,테크노폴리스지구
3500,대구,(주)대지메카트로닉스,테크노폴리스지구
3501,대구,(주)도야지식품,테크노폴리스지구
3502,대구,(주)동우써키트,테크노폴리스지구
3503,대구,(주)디에스테크원,테크노폴리스지구
3504,대구,(주)디에이치테크,테크노폴리스지구
3505,대구,(주)리뉴프라퍼티,테크노폴리스지구
3506,대구,(주)리빙케어,테크노폴리스지구
3507,대구,(주)민영산업,테크노폴리스지구
3508,대구,(주)백일,테크노폴리스지구
3509,대구,(주)베사,테크노폴리스지구
3510,대구,(주)보우,테크노폴리스지구
3511,대구,(주)보우지점,테크노폴리스지구
3512,대구,(주)부강티앤씨,테크노폴리스지구
3513,대구,(주)비전그린에너지,테크노폴리스지구
3514,대구,(주)빛과창,테크노폴리스지구
3515,대구,(주)상아쏠라,테크노폴리스지구
3516,대구,(주)상아테크,테크노폴리스지구
3517,대구,(주)상아하우징,테크노폴리스지구
3518,대구,(주)성진에프에이,테크노폴리스지구
3519,대구,(주)세창,테크노폴리스지구
3520,대구,(주)순정산업,테크노폴리스지구
3521,대구,(주)신원,테크노폴리스지구
3522,대구,(주)써니하우스,테크노폴리스지구
3523,대구,(주)씨앤에이솔루션,테크노폴리스지구
3524,대구,(주)아이디알시스템,테크노폴리스지구
3525,대구,(주)아이디에스,테크노폴리스지구
3526,대구,(주)아이지에스피,테크노폴리스지구
3527,대구,(주)애드브릿지,테크노폴리스지구
3528,대구,(주)애플애드벤처,테크노폴리스지구
3529,대구,(주)에스알펀딩피브이1호,테크노폴리스지구
3530,대구,(주)에스와이글로벌,테크노폴리스지구
3531,대구,(주)에이비프로바이오,테크노폴리스지구
3532,대구,(주)에이씨에스,테크노폴리스지구
3533,대구,(주)에코윈,테크노폴리스지구
3534,대구,(주)영성산업,테크노폴리스지구
3535,대구,(주)영풍열처리,테크노폴리스지구
3536,대구,(주)오에스티,테크노폴리스지구
3537,대구,(주)오에스티투,테크노폴리스지구
3538,대구,(주)오투에이브이,테크노폴리스지구
3539,대구,(주)용진,테크노폴리스지구
3540,대구,(주)원셀로보,테크노폴리스지구
3541,대구,(주)유진엠에스,테크노폴리스지구
3542,대구,(주)일성엠텍,테크노폴리스지구
3543,대구,(주)조양,테크노폴리스지구
3544,대구,(주)진명아이앤씨,테크노폴리스지구
3545,대구,(주)진솔라에너지,테크노폴리스지구
3546,대구,(주)짐보로보틱스,테크노폴리스지구
3547,대구,(주)창보,테크노폴리스지구
3548,대구,(주)타임에너지솔루션,테크노폴리스지구
3549,대구,(주)태광가연,테크노폴리스지구
3550,대구,(주)태현,테크노폴리스지구
3551,대구,(주)투와이,테크노폴리스지구
3552,대구,(주)티에스티,테크노폴리스지구
3553,대구,(주)티와이플라텍,테크노폴리스지구
3554,대구,(주)평화발레오,테크노폴리스지구
3555,대구,(주)피에이치씨,테크노폴리스지구
3556,대구,(주)하이컨코리아,테크노폴리스지구
3557,대구,(주)한국이엔씨,테크노폴리스지구
3558,대구,(주)해원통상,테크노폴리스지구
3559,대구,(주)황소농기계,테크노폴리스지구
3560,대구,(주)휴코스,테크노폴리스지구
3561,대구,경창산업(주),테크노폴리스지구
3562,대구,계명대학교(달성캠퍼스),테크노폴리스지구
3563,대구,광성산업,테크노폴리스지구
3564,대구,국제발전기콤푸레샤(주),테크노폴리스지구
3565,대구,국제솔라2태양광발전소,테크노폴리스지구
3566,대구,금강정밀산업사,테크노폴리스지구
3567,대구,금오이엠에스(주),테크노폴리스지구
3568,대구,나눔산업개발(주),테크노폴리스지구
3569,대구,나라텍 주식회사,테크노폴리스지구
3570,대구,농업회사법인 청수(주),테크노폴리스지구
3571,대구,달구벌시민햇빛발전협동조합,테크노폴리스지구
3572,대구,대경로보텍(주),테크노폴리스지구
3573,대구,대광소결금속(주),테크노폴리스지구
3574,대구,대구경북과학기술원,테크노폴리스지구
3575,대구,대신정공(주),테크노폴리스지구
3576,대구,대영(주),테크노폴리스지구
3577,대구,대영채비(주),테크노폴리스지구
3578,대구,대영코어텍(주),테크노폴리스지구
3579,대구,대원솔라 주식회사,테크노폴리스지구
3580,대구,대원제이 주식회사 티피산단보세창고,테크노폴리스지구
3581,대구,대원직물,테크노폴리스지구
3582,대구,동양에코(주),테크노폴리스지구
3583,대구,명신정밀,테크노폴리스지구
3584,대구,미래과학기술지주 주식회사,테크노폴리스지구
3585,대구,민영1 태양광발전소,테크노폴리스지구
3586,대구,민영2 태양광발전소,테크노폴리스지구
3587,대구,바이크뱅크주식회사,테크노폴리스지구
3588,대구,부강태양광발전소,테크노폴리스지구
3589,대구,브로제코리아 주식회사,테크노폴리스지구
3590,대구,비오비켐텍(주),테크노폴리스지구
3591,대구,삼우기업(주),테크노폴리스지구
3592,대구,삼익THK(주)테크노폴리스공장,테크노폴리스지구
3593,대구,상신브레이크(주),테크노폴리스지구
3594,대구,성림첨단산업(주),테크노폴리스지구
3595,대구,성재10호 태양광발전소,테크노폴리스지구
3596,대구,성재1호 태양광발전소,테크노폴리스지구
3597,대구,성재2호 태양광발전소,테크노폴리스지구
3598,대구,성재3호 태양광발전소,테크노폴리스지구
3599,대구,성재4호 태양광발전소,테크노폴리스지구
3600,대구,성재5호 태양광발전소,테크노폴리스지구
3601,대구,성재6호 태양광발전소,테크노폴리스지구
3602,대구,성재7호 태양광발전소,테크노폴리스지구
3603,대구,성재8호 태양광발전소,테크노폴리스지구
3604,대구,성재9호 태양력발전소,테크노폴리스지구
3605,대구,성재엠에이치택,테크노폴리스지구
3606,대구,성진태양광발전소,테크노폴리스지구
3607,대구,소이1호 태양광 발전소,테크노폴리스지구
3608,대구,소이2호 태양광 발전소,테크노폴리스지구
3609,대구,소이3호 태양광 발전소,테크노폴리스지구
3610,대구,소이태양광 4호,테크노폴리스지구
3611,대구,소이태양광 5호,테크노폴리스지구
3612,대구,소이태양광 6호,테크노폴리스지구
3613,대구,소이태양광 7호,테크노폴리스지구
3614,대구,소이태양광 8호,테크노폴리스지구
3615,대구,신승플랜트,테크노폴리스지구
3616,대구,신안상사(주),테크노폴리스지구
3617,대구,신진공인계량사 태양광발전소,테크노폴리스지구
3618,대구,실리코팜 주식회사,테크노폴리스지구
3619,대구,싹발전1호,테크노폴리스지구
3620,대구,싹발전2호,테크노폴리스지구
3621,대구,싹발전3호,테크노폴리스지구
3622,대구,싹발전4호,테크노폴리스지구
3623,대구,싹발전5호,테크노폴리스지구
3624,대구,싹발전6호,테크노폴리스지구
3625,대구,씨아이에스 주식회사,테크노폴리스지구
3626,대구,씨앤엠로보틱스(주),테크노폴리스지구
3627,대구,아삽스틸코리아,테크노폴리스지구
3628,대구,아성솔라,테크노폴리스지구
3629,대구,에이에프더블류주식회사,테크노폴리스지구
3630,대구,에이치디현대로보틱스주식회사,테크노폴리스지구
3631,대구,에이치비오호㈜,테크노폴리스지구
3632,대구,에이치에스원(H.S.ONE),테크노폴리스지구
3633,대구,에이텍,테크노폴리스지구
3634,대구,에임트 주식회사,테크노폴리스지구
3635,대구,에코 태양광발전소,테크노폴리스지구
3636,대구,엔디오에스,테크노폴리스지구
3637,대구,엔사이드주식회사,테크노폴리스지구
3638,대구,엠에프알 주식회사,테크노폴리스지구
3639,대구,영신기전공업(주),테크노폴리스지구
3640,대구,영풍2 태양광발전소,테크노폴리스지구
3641,대구,영풍3 태양광발전소,테크노폴리스지구
3642,대구,영풍4 태양광발전소,테크노폴리스지구
3643,대구,영풍철강(주)현풍공장,테크노폴리스지구
3644,대구,오성시스템,테크노폴리스지구
3645,대구,옵티머스시스템(주),테크노폴리스지구
3646,대구,"용리1호,2호태양광발전소",테크노폴리스지구
3647,대구,우성파워텍태양광발전소,테크노폴리스지구
3648,대구,우양신소재,테크노폴리스지구
3649,대구,위너스라이팅(주),테크노폴리스지구
3650,대구,유가찹쌀영농조합법인,테크노폴리스지구
3651,대구,유명엔지니어링(주),테크노폴리스지구
3652,대구,유명엔지니어링(주),테크노폴리스지구
3653,대구,유한회사티에스씨솔라1호,테크노폴리스지구
3654,대구,이인텔리전스(주),테크노폴리스지구
3655,대구,인피니언테크놀로지스코리아 유한회사,테크노폴리스지구
3656,대구,인피닉스,테크노폴리스지구
3657,대구,정광1태양광발전소,테크노폴리스지구
3658,대구,정광2태양광발전소,테크노폴리스지구
3659,대구,제이앤에이치컴퍼니,테크노폴리스지구
3660,대구,주식회사 나드리,테크노폴리스지구
3661,대구,주식회사 라지,테크노폴리스지구
3662,대구,주식회사 렉스코,테크노폴리스지구
3663,대구,주식회사 리필,테크노폴리스지구
3664,대구,주식회사 매직아트,테크노폴리스지구
3665,대구,주식회사 벽진테크,테크노폴리스지구
3666,대구,주식회사 브로즈,테크노폴리스지구
3667,대구,주식회사 브이씨티이,테크노폴리스지구
3668,대구,주식회사 상형,테크노폴리스지구
3669,대구,주식회사 솔메카,테크노폴리스지구
3670,대구,주식회사 아이콘랩,테크노폴리스지구
3671,대구,주식회사 아이프로테인테라퓨틱스,테크노폴리스지구
3672,대구,주식회사 양광테크,테크노폴리스지구
3673,대구,주식회사 엘엠엔틱바이오텍,테크노폴리스지구
3674,대구,주식회사 영인이엔지,테크노폴리스지구
3675,대구,주식회사 윈드큐브,테크노폴리스지구
3676,대구,주식회사 유빈,테크노폴리스지구
3677,대구,주식회사 재원에스더블유,테크노폴리스지구
3678,대구,주식회사 제핏,테크노폴리스지구
3679,대구,주식회사 케이와이,테크노폴리스지구
3680,대구,주식회사 토리스,테크노폴리스지구
3681,대구,주식회사 퓨처드라이브,테크노폴리스지구
3682,대구,주식회사리프트러스트,테크노폴리스지구
3683,대구,주식회사세황테크,테크노폴리스지구
3684,대구,주식회사아세아텍,테크노폴리스지구
3685,대구,주식회사아세아텍,테크노폴리스지구
3686,대구,주식회사유비즈,테크노폴리스지구
3687,대구,진경포장,테크노폴리스지구
3688,대구,진명산업사,테크노폴리스지구
3689,대구,진명산업주식회사,테크노폴리스지구
3690,대구,진흥섬유,테크노폴리스지구
3691,대구,케이에스전기소방,테크노폴리스지구
3692,대구,케이엔티주식회사,테크노폴리스지구
3693,대구,코로나텍스타일(주),테크노폴리스지구
3694,대구,클래푸(Klapoo),테크노폴리스지구
3695,대구,태명헬스케어,테크노폴리스지구
3696,대구,태산하이테크(주),테크노폴리스지구
3697,대구,태양산업,테크노폴리스지구
3698,대구,태영산업,테크노폴리스지구
3699,대구,태창공업 주식회사,테크노폴리스지구
3700,대구,테크노지원,테크노폴리스지구
3701,대구,티아주식회사,테크노폴리스지구
3702,대구,티피신축1 태양광발전소,테크노폴리스지구
3703,대구,티피신축2 태양광발전소,테크노폴리스지구
3704,대구,파인쿡,테크노폴리스지구
3705,대구,퍼시픽엑스코리아주식회사,테크노폴리스지구
3706,대구,피에이치씨발레오써멀시스템스,테크노폴리스지구
3707,대구,피에이치에이(주),테크노폴리스지구
3708,대구,피엑스 그린에너지,테크노폴리스지구
3709,대구,한국건설생활환경시험연구원,테크노폴리스지구
3710,대구,한국건설생활환경시험연구원,테크노폴리스지구
3711,대구,한국디엔씨,테크노폴리스지구
3712,대구,한국로봇산업진흥원,테크노폴리스지구
3713,대구,한국정공,테크노폴리스지구
3714,대구,한국케이엘티주식회사,테크노폴리스지구
3715,대구,한미에이디엠(주),테크노폴리스지구
3716,대구,한울기공 주식회사,테크노폴리스지구
3717,대구,한울기어테크,테크노폴리스지구
3718,대구,한일코퍼레이션,테크노폴리스지구
3719,대구,햇님달님1호태양광발전소,테크노폴리스지구
3720,대구,현대모비스(주),테크노폴리스지구
3721,대구,현대중공업(주),테크노폴리스지구
3722,대구,현대중공업지주 주식회사,테크노폴리스지구
3723,대구,현태양광발전소,테크노폴리스지구
3724,대구,화성화섬,테크노폴리스지구
3725,대구,"황소농기계1,2,6호 태양광발전소",테크노폴리스지구
3726,대구,"황소농기계3,4호 태양광발전소",테크노폴리스지구
3727,대구,황소농기계5호 태양광발전소,테크노폴리스지구
3728,대구,주식회사 에너캠프,성서첨단지구
3729,대구,주식회사 큐아이,성서첨단지구
3730,대구,주식회사 클레어오디언스,성서첨단지구
3731,대구,(주)서지오젠,융합R&D지구1
3732,대구,(주)건설시스템융합기술원,융합R&D지구2
3733,대구,(주)케이엔유데이터사이언스연구소,융합R&D지구2
3734,대구,(주)티아그로즈,융합R&D지구2
3735,대구,경북대학교,융합R&D지구2
3736,대구,주식회사 대림에너지테크,융합R&D지구2
3737,대구,주식회사 본젠플러스,융합R&D지구2
3738,대구,주식회사 아이카스,융합R&D지구2
3739,대구,주식회사 에이티삼일바이오,융합R&D지구2
3740,대구,주식회사 자이엔,융합R&D지구2
3741,대구,주식회사 케이아이오티(KIOT),융합R&D지구2
3742,대구,주식회사 텍스트로닉스,융합R&D지구2
3743,대구,피씨오낙(주),융합R&D지구2
3744,대구,한국토지주택공사 대구경북지역본부,융합R&D지구2
3745,대구,(주)E.O.S,의료R&D지구
3746,대구,(주)oodoo,의료R&D지구
3747,대구,(주)가온제약,의료R&D지구
3748,대구,(주)금룡테크,의료R&D지구
3749,대구,(주)단예,의료R&D지구
3750,대구,(주)대경알에이연구원,의료R&D지구
3751,대구,(주)대경하이테크,의료R&D지구
3752,대구,(주)대류,의료R&D지구
3753,대구,(주)대원지에스아이,의료R&D지구
3754,대구,(주)대일산업,의료R&D지구
3755,대구,(주)덕산코트랜,의료R&D지구
3756,대구,(주)덴티스,의료R&D지구
3757,대구,(주)덴티스,의료R&D지구
3758,대구,(주)마이크로엔엑스,의료R&D지구
3759,대구,(주)메가콤,의료R&D지구
3760,대구,(주)메디텍디앤디,의료R&D지구
3761,대구,(주)명성,의료R&D지구
3762,대구,(주)벡트론,의료R&D지구
3763,대구,(주)브랜디드인더스트리,의료R&D지구
3764,대구,(주)비엠에스테크,의료R&D지구
3765,대구,(주)비젼사이언스,의료R&D지구
3766,대구,(주)비젼사이언스,의료R&D지구
3767,대구,(주)세양,의료R&D지구
3768,대구,(주)소프트플러스,의료R&D지구
3769,대구,(주)스페이스,의료R&D지구
3770,대구,(주)신라시스템,의료R&D지구
3771,대구,(주)씨에스텍,의료R&D지구
3772,대구,(주)씨에이메이커스,의료R&D지구
3773,대구,(주)씨엠테크,의료R&D지구
3774,대구,(주)아이엠티코리아,의료R&D지구
3775,대구,(주)알앤유,의료R&D지구
3776,대구,(주)에비던스임플란트,의료R&D지구
3777,대구,"(주)엠디(구,명문덴탈)",의료R&D지구
3778,대구,(주)예스바이오테크,의료R&D지구
3779,대구,(주)오상테크,의료R&D지구
3780,대구,(주)오션,의료R&D지구
3781,대구,(주)옥천당,의료R&D지구
3782,대구,(주)우성티오티,의료R&D지구
3783,대구,(주)우창엔지니어링,의료R&D지구
3784,대구,(주)유바이오메드,의료R&D지구
3785,대구,(주)이노벡테크놀러지,의료R&D지구
3786,대구,(주)자원메디칼,의료R&D지구
3787,대구,(주)제이디자인웍스,의료R&D지구
3788,대구,(주)제이슨랩,의료R&D지구
3789,대구,(주)제이에스테크윈,의료R&D지구
3790,대구,(주)젠탑스,의료R&D지구
3791,대구,(주)젬텍,의료R&D지구
3792,대구,(주)케이엠에프,의료R&D지구
3793,대구,(주)코아로직,의료R&D지구
3794,대구,(주)타오스,의료R&D지구
3795,대구,(주)태양인덕션히터,의료R&D지구
3796,대구,(주)토탈소프트뱅크,의료R&D지구
3797,대구,(주)튜링겐코리아,의료R&D지구
3798,대구,(주)파인메딕스,의료R&D지구
3799,대구,(주)프라임덴탈,의료R&D지구
3800,대구,(주)하이로시,의료R&D지구
3801,대구,(주)한국센서,의료R&D지구
3802,대구,(주)한솔아이엠비,의료R&D지구
3803,대구,(주)한아IT,의료R&D지구
3804,대구,경수약품주식회사,의료R&D지구
3805,대구,대구그린파워(주),의료R&D지구
3806,대구,덴스타,의료R&D지구
3807,대구,덴스타주식회사,의료R&D지구
3808,대구,디에스모빌리티주식회사,의료R&D지구
3809,대구,디에스코리아(주)대구지점,의료R&D지구
3810,대구,라파바이오(주),의료R&D지구
3811,대구,레이월드,의료R&D지구
3812,대구,마이플란트디자인센터,의료R&D지구
3813,대구,무한컴퍼니,의료R&D지구
3814,대구,부건아이엔씨,의료R&D지구
3815,대구,빈킨즈,의료R&D지구
3816,대구,성모의지,의료R&D지구
3817,대구,아이즈미,의료R&D지구
3818,대구,악서(Axxer),의료R&D지구
3819,대구,야무다 주식회사,의료R&D지구
3820,대구,에인에이(주),의료R&D지구
3821,대구,오션네트웍스 ,의료R&D지구
3822,대구,옥천당대구탕전실,의료R&D지구
3823,대구,올인마켓,의료R&D지구
3824,대구,웬스,의료R&D지구
3825,대구,유타스(주),의료R&D지구
3826,대구,일성 유한책임회사,의료R&D지구
3827,대구,제일테크,의료R&D지구
3828,대구,주식회사 그린페이퍼에코,의료R&D지구
3829,대구,주식회사 비에이코리아,의료R&D지구
3830,대구,주식회사 신우첨단소재,의료R&D지구
3831,대구,주식회사 쓰리에이치,의료R&D지구
3832,대구,주식회사 올소테크,의료R&D지구
3833,대구,주식회사 인더텍,의료R&D지구
3834,대구,주식회사 정우비에스,의료R&D지구
3835,대구,주식회사 지클로,의료R&D지구
3836,대구,주식회사 초이,의료R&D지구
3837,대구,주식회사 프라임테크,의료R&D지구
3838,대구,주식회사 한의,의료R&D지구
3839,대구,주식회사에이케이메디,의료R&D지구
3840,대구,주식회사청정에너지솔루션,의료R&D지구
3841,대구,주식회사휴먼허브,의료R&D지구
3842,대구,초이스우드 주식회사,의료R&D지구
3843,대구,컨소드,의료R&D지구
3844,대구,큐온비트,의료R&D지구
3845,대구,테슬론 주식회사,의료R&D지구
3846,대구,평원산업,의료R&D지구
3847,대구,프라나주식회사,의료R&D지구
3848,대구,한성에스앤아이(주) 대구지점,의료R&D지구
3849,대구,휴메닉,의료R&D지구
3850,대구,(재)경북IT융합산업기술원,지식서비스R&D지구1
3851,대구,(주)대경엔지니어링,지식서비스R&D지구1
3852,대구,(주)동우글로벌,지식서비스R&D지구1
3853,대구,(주)리브온,지식서비스R&D지구1
3854,대구,(주)리클레어,지식서비스R&D지구1
3855,대구,(주)메디풀,지식서비스R&D지구1
3856,대구,(주)바이노텍,지식서비스R&D지구1
3857,대구,(주)블레스드,지식서비스R&D지구1
3858,대구,(주)비쎌,지식서비스R&D지구1
3859,대구,(주)사일리움바이오사이언스 부설연구소,지식서비스R&D지구1
3860,대구,(주)셀드로우,지식서비스R&D지구1
3861,대구,(주)셀띠끄,지식서비스R&D지구1
3862,대구,(주)아이피에스오토,지식서비스R&D지구1
3863,대구,(주)알앤유 경산지점,지식서비스R&D지구1
3864,대구,(주)에이알미디어웍스,지식서비스R&D지구1
3865,대구,(주)에이제이바이오,지식서비스R&D지구1
3866,대구,(주)엠디엑스,지식서비스R&D지구1
3867,대구,(주)와앤테크,지식서비스R&D지구1
3868,대구,(주)인디드바이오,지식서비스R&D지구1
3869,대구,(주)정도유아이티,지식서비스R&D지구1
3870,대구,(주)제노믹,지식서비스R&D지구1
3871,대구,(주)제이랩스,지식서비스R&D지구1
3872,대구,(주)케이앤에스에너지,지식서비스R&D지구1
3873,대구,(주)크림오프,지식서비스R&D지구1
3874,대구,(주)하이센서앤로봇,지식서비스R&D지구1
3875,대구,(주)한라다겸,지식서비스R&D지구1
3876,대구,(주)허니스트,지식서비스R&D지구1
3877,대구,H.S.E. Tech,지식서비스R&D지구1
3878,대구,경산시청,지식서비스R&D지구1
3879,대구,기조가마,지식서비스R&D지구1
3880,대구,나티보코스메틱,지식서비스R&D지구1
3881,대구,농업회사법인 주식회사 상황의 꿈,지식서비스R&D지구1
3882,대구,대구한의대학교,지식서비스R&D지구1
3883,대구,더나은컴퍼니 주식회사,지식서비스R&D지구1
3884,대구,더코스코리아,지식서비스R&D지구1
3885,대구,디피캄,지식서비스R&D지구1
3886,대구,라사,지식서비스R&D지구1
3887,대구,메디앤뷰티,지식서비스R&D지구1
3888,대구,모네정원연구소,지식서비스R&D지구1
3889,대구,모소행 주식회사,지식서비스R&D지구1
3890,대구,모인헬스케어,지식서비스R&D지구1
3891,대구,박가분,지식서비스R&D지구1
3892,대구,비앤씨글로벌,지식서비스R&D지구1
3893,대구,사단법인 경상북도화장품산업협회,지식서비스R&D지구1
3894,대구,알래스카드림,지식서비스R&D지구1
3895,대구,알리에스카비전,지식서비스R&D지구1
3896,대구,에바랩코리아 주식회사,지식서비스R&D지구1
3897,대구,에본(주),지식서비스R&D지구1
3898,대구,오리온바이오,지식서비스R&D지구1
3899,대구,유한회사 대한물산,지식서비스R&D지구1
3900,대구,주식회사 고파,지식서비스R&D지구1
3901,대구,주식회사 더마센트릭바이오,지식서비스R&D지구1
3902,대구,주식회사 더브레드블루,지식서비스R&D지구1
3903,대구,주식회사 디에이치유메디코스,지식서비스R&D지구1
3904,대구,주식회사 리본랩,지식서비스R&D지구1
3905,대구,주식회사 리본랩 경북지사,지식서비스R&D지구1
3906,대구,주식회사 마리,지식서비스R&D지구1
3907,대구,주식회사 바로본,지식서비스R&D지구1
3908,대구,주식회사 바이오바이오,지식서비스R&D지구1
3909,대구,주식회사 사일리움바이오사이언스,지식서비스R&D지구1
3910,대구,주식회사 소울머티리얼,지식서비스R&D지구1
3911,대구,주식회사 아이텍,지식서비스R&D지구1
3912,대구,주식회사 에스메드,지식서비스R&D지구1
3913,대구,주식회사 엔씨바이오사이언스,지식서비스R&D지구1
3914,대구,주식회사 엘케이티,지식서비스R&D지구1
3915,대구,주식회사 엠에프에스티,지식서비스R&D지구1
3916,대구,주식회사 영바이오텍,지식서비스R&D지구1
3917,대구,주식회사 와이제이랩,지식서비스R&D지구1
3918,대구,주식회사 워프솔루션,지식서비스R&D지구1
3919,대구,주식회사 정우아이티,지식서비스R&D지구1
3920,대구,주식회사 카이트코리아,지식서비스R&D지구1
3921,대구,주식회사 케이씨테크놀러지,지식서비스R&D지구1
3922,대구,주식회사 케이에스티,지식서비스R&D지구1
3923,대구,주식회사 타임리랩스,지식서비스R&D지구1
3924,대구,주식회사 포고니아,지식서비스R&D지구1
3925,대구,주식회사 한강네트웍스,지식서비스R&D지구1
3926,대구,주식회사경상북도화장품산업진흥원,지식서비스R&D지구1
3927,대구,주식회사민경,지식서비스R&D지구1
3928,대구,주식회사이스트바이오,지식서비스R&D지구1
3929,대구,주식회사태극사계,지식서비스R&D지구1
3930,대구,주식회사트라이벨랩,지식서비스R&D지구1
3931,대구,쥬니크 주식회사,지식서비스R&D지구1
3932,대구,평생농부,지식서비스R&D지구1
3933,대구,피노더마주식회사,지식서비스R&D지구1
3934,대구,하니코스메틱,지식서비스R&D지구1
3935,대구,(주)대신테크젠,지식서비스R&D지구2
3936,대구,(주)디온알앤디,지식서비스R&D지구2
3937,대구,(주)라온솔라,지식서비스R&D지구2
3938,대구,(주)모파스,지식서비스R&D지구2
3939,대구,(주)스마트름뱅이,지식서비스R&D지구2
3940,대구,(주)에드테크,지식서비스R&D지구2
3941,대구,(주)에스엔케이아이티,지식서비스R&D지구2
3942,대구,(주)에이치디이,지식서비스R&D지구2
3943,대구,(주)월가앤미소,지식서비스R&D지구2
3944,대구,(주)정우,지식서비스R&D지구2
3945,대구,경일대학교,지식서비스R&D지구2
3946,대구,기찬보일러(주),지식서비스R&D지구2
3947,대구,농업회사법인 주식회사 네이처앤리치,지식서비스R&D지구2
3948,대구,농업회사법인(주)레이온,지식서비스R&D지구2
3949,대구,더밥,지식서비스R&D지구2
3950,대구,더옐로우,지식서비스R&D지구2
3951,대구,미디어라움,지식서비스R&D지구2
3952,대구,블루인그린,지식서비스R&D지구2
3953,대구,씨에스,지식서비스R&D지구2
3954,대구,엔투에이치 주식회사,지식서비스R&D지구2
3955,대구,이알텍,지식서비스R&D지구2
3956,대구,일진아이에스 주식회사,지식서비스R&D지구2
3957,대구,주식회사 나고에프앤비,지식서비스R&D지구2
3958,대구,주식회사 머쉬로직,지식서비스R&D지구2
3959,대구,주식회사 메타그라운드,지식서비스R&D지구2
3960,대구,주식회사 몬도미오,지식서비스R&D지구2
3961,대구,주식회사 바른식품연구소,지식서비스R&D지구2
3962,대구,주식회사 비트윈,지식서비스R&D지구2
3963,대구,주식회사 서우기술,지식서비스R&D지구2
3964,대구,주식회사 와이디아이슬,지식서비스R&D지구2
3965,대구,주식회사 케어랩,지식서비스R&D지구2
3966,대구,주식회사 파이로솔루션,지식서비스R&D지구2
3967,대구,주식회사 하가,지식서비스R&D지구2
3968,부산,(주) 신안,국제산업 물류도시 (1단계)
3969,부산,(주)JK알에스티,국제산업 물류도시 (1단계)
3970,부산,(주)가유,국제산업 물류도시 (1단계)
3971,부산,(주)개원강철,국제산업 물류도시 (1단계)
3972,부산,(주)경남엔지니어링,국제산업 물류도시 (1단계)
3973,부산,(주)경복금속,국제산업 물류도시 (1단계)
3974,부산,(주)국제아이앤디,국제산업 물류도시 (1단계)
3975,부산,(주)글로발브릿지,국제산업 물류도시 (1단계)
3976,부산,(주)글로텍,국제산업 물류도시 (1단계)
3977,부산,(주)글로텍,국제산업 물류도시 (1단계)
3978,부산,(주)금성메탈,국제산업 물류도시 (1단계)
3979,부산,(주)금우정공,국제산업 물류도시 (1단계)
3980,부산,(주)기펠,국제산업 물류도시 (1단계)
3981,부산,(주)기하정밀생곡지점,국제산업 물류도시 (1단계)
3982,부산,(주)나무인터내셔널,국제산업 물류도시 (1단계)
3983,부산,(주)남광기업,국제산업 물류도시 (1단계)
3984,부산,(주)노바인터내쇼널,국제산업 물류도시 (1단계)
3985,부산,(주)다원씨엔피,국제산업 물류도시 (1단계)
3986,부산,(주)대광이엔지,국제산업 물류도시 (1단계)
3987,부산,(주)대길통상,국제산업 물류도시 (1단계)
3988,부산,(주)대립,국제산업 물류도시 (1단계)
3989,부산,(주)대봉기연,국제산업 물류도시 (1단계)
3990,부산,(주)대성메탈,국제산업 물류도시 (1단계)
3991,부산,(주)대성산업기계,국제산업 물류도시 (1단계)
3992,부산,(주)대신기연,국제산업 물류도시 (1단계)
3993,부산,(주)대암전기,국제산업 물류도시 (1단계)
3994,부산,(주)대양볼트,국제산업 물류도시 (1단계)
3995,부산,(주)대영밸브,국제산업 물류도시 (1단계)
3996,부산,(주)대한콘트롤,국제산업 물류도시 (1단계)
3997,부산,(주)대흥쿨러,국제산업 물류도시 (1단계)
3998,부산,(주)더원에코파워텍,국제산업 물류도시 (1단계)
3999,부산,(주)더원전기,국제산업 물류도시 (1단계)
4000,부산,(주)더조은,국제산업 물류도시 (1단계)
4001,부산,(주)동아코퍼레이션,국제산업 물류도시 (1단계)
4002,부산,(주)동양이엠텍,국제산업 물류도시 (1단계)
4003,부산,(주)동양화인텍,국제산업 물류도시 (1단계)
4004,부산,(주)동화웰딩,국제산업 물류도시 (1단계)
4005,부산,(주)동화정밀공업,국제산업 물류도시 (1단계)
4006,부산,(주)동화정밀공업 미음지점,국제산업 물류도시 (1단계)
4007,부산,(주)두성공업사,국제산업 물류도시 (1단계)
4008,부산,(주)디앤비,국제산업 물류도시 (1단계)
4009,부산,(주)디에이치폴리,국제산업 물류도시 (1단계)
4010,부산,(주)디케이금속,국제산업 물류도시 (1단계)
4011,부산,(주)딘텍,국제산업 물류도시 (1단계)
4012,부산,(주)마린스텔라,국제산업 물류도시 (1단계)
4013,부산,(주)마이텍,국제산업 물류도시 (1단계)
4014,부산,(주)명현산업,국제산업 물류도시 (1단계)
4015,부산,(주)모노인더스트리,국제산업 물류도시 (1단계)
4016,부산,(주)미래정공,국제산업 물류도시 (1단계)
4017,부산,(주)미래테크,국제산업 물류도시 (1단계)
4018,부산,(주)벤티웰,국제산업 물류도시 (1단계)
4019,부산,(주)보네르,국제산업 물류도시 (1단계)
4020,부산,(주)부강에너지 부강물류,국제산업 물류도시 (1단계)
4021,부산,(주)부강유통,국제산업 물류도시 (1단계)
4022,부산,(주)부림교역,국제산업 물류도시 (1단계)
4023,부산,(주)부산스텐,국제산업 물류도시 (1단계)
4024,부산,(주)부산협동상사,국제산업 물류도시 (1단계)
4025,부산,(주)살렘,국제산업 물류도시 (1단계)
4026,부산,(주)살렘[구. 살렘창호],국제산업 물류도시 (1단계)
4027,부산,(주)삼성냉장,국제산업 물류도시 (1단계)
4028,부산,(주)삼성냉장물류센터,국제산업 물류도시 (1단계)
4029,부산,(주)삼신테크,국제산업 물류도시 (1단계)
4030,부산,(주)삼진금속,국제산업 물류도시 (1단계)
4031,부산,(주)삼화발전기,국제산업 물류도시 (1단계)
4032,부산,(주)서진엠씨에이치,국제산업 물류도시 (1단계)
4033,부산,(주)서한산업,국제산업 물류도시 (1단계)
4034,부산,(주)선우,국제산업 물류도시 (1단계)
4035,부산,(주)성광벤드,국제산업 물류도시 (1단계)
4036,부산,(주)성림,국제산업 물류도시 (1단계)
4037,부산,(주)성일정판,국제산업 물류도시 (1단계)
4038,부산,(주)성창,국제산업 물류도시 (1단계)
4039,부산,(주)성창사,국제산업 물류도시 (1단계)
4040,부산,(주)성홍 부산공장,국제산업 물류도시 (1단계)
4041,부산,(주)세영산업,국제산업 물류도시 (1단계)
4042,부산,(주)세이브에너지,국제산업 물류도시 (1단계)
4043,부산,(주)세이브팩토리,국제산업 물류도시 (1단계)
4044,부산,(주)세진에프에스,국제산업 물류도시 (1단계)
4045,부산,(주)세진이앤드티,국제산업 물류도시 (1단계)
4046,부산,(주)세진이엔이,국제산업 물류도시 (1단계)
4047,부산,(주)센텍기술,국제산업 물류도시 (1단계)
4048,부산,(주)송원하이텍,국제산업 물류도시 (1단계)
4049,부산,(주)송원하이텍 2공장,국제산업 물류도시 (1단계)
4050,부산,(주)스미코,국제산업 물류도시 (1단계)
4051,부산,(주)승건이엔지,국제산업 물류도시 (1단계)
4052,부산,(주)신라금속스틸,국제산업 물류도시 (1단계)
4053,부산,(주)신성피팅,국제산업 물류도시 (1단계)
4054,부산,(주)신풍정공,국제산업 물류도시 (1단계)
4055,부산,(주)신흥테크,국제산업 물류도시 (1단계)
4056,부산,(주)신흥플랜지,국제산업 물류도시 (1단계)
4057,부산,(주)쌍용선재,국제산업 물류도시 (1단계)
4058,부산,(주)씨랜드 (구.에이스산업기계(주)),국제산업 물류도시 (1단계)
4059,부산,(주)아이언맨,국제산업 물류도시 (1단계)
4060,부산,(주)아주피팅,국제산업 물류도시 (1단계)
4061,부산,(주)알파이엔티,국제산업 물류도시 (1단계)
4062,부산,(주)에버텍,국제산업 물류도시 (1단계)
4063,부산,(주)에스더블유그레이팅,국제산업 물류도시 (1단계)
4064,부산,(주)에스비정공,국제산업 물류도시 (1단계)
4065,부산,(주)에스에스엠,국제산업 물류도시 (1단계)
4066,부산,(주)에스티엘,국제산업 물류도시 (1단계)
4067,부산,(주)에이스유니폼,국제산업 물류도시 (1단계)
4068,부산,(주)에이치케이이엔티,국제산업 물류도시 (1단계)
4069,부산,(주)엔케이,국제산업 물류도시 (1단계)
4070,부산,(주)엠제이티,국제산업 물류도시 (1단계)
4071,부산,(주)엠티티,국제산업 물류도시 (1단계)
4072,부산,(주)연일엔지니어링,국제산업 물류도시 (1단계)
4073,부산,(주)영신스틸,국제산업 물류도시 (1단계)
4074,부산,(주)영진하이테크,국제산업 물류도시 (1단계)
4075,부산,(주)오리엔트,국제산업 물류도시 (1단계)
4076,부산,(주)우리테크,국제산업 물류도시 (1단계)
4077,부산,(주)우성이엠씨,국제산업 물류도시 (1단계)
4078,부산,(주)원진얼티메탈,국제산업 물류도시 (1단계)
4079,부산,(주)원진엠앤티,국제산업 물류도시 (1단계)
4080,부산,(주)원케이,국제산업 물류도시 (1단계)
4081,부산,(주)위드엔지니어링,국제산업 물류도시 (1단계)
4082,부산,(주)유니크라미,국제산업 물류도시 (1단계)
4083,부산,(주)유니테크노 제2공장,국제산업 물류도시 (1단계)
4084,부산,(주)육장성특수강,국제산업 물류도시 (1단계)
4085,부산,(주)이노폴,국제산업 물류도시 (1단계)
4086,부산,(주)인더스틸,국제산업 물류도시 (1단계)
4087,부산,(주)일신특장,국제산업 물류도시 (1단계)
4088,부산,(주)자이언엔텍,국제산업 물류도시 (1단계)
4089,부산,(주)재진산업,국제산업 물류도시 (1단계)
4090,부산,(주)전진엔텍,국제산업 물류도시 (1단계)
4091,부산,(주)제이에스엠텍,국제산업 물류도시 (1단계)
4092,부산,(주)제이엔티이엔지,국제산업 물류도시 (1단계)
4093,부산,(주)제일알루미늄,국제산업 물류도시 (1단계)
4094,부산,(주)조양,국제산업 물류도시 (1단계)
4095,부산,(주)중심티엔씨,국제산업 물류도시 (1단계)
4096,부산,(주)중앙자동차해체재활용업,국제산업 물류도시 (1단계)
4097,부산,(주)지비라이트,국제산업 물류도시 (1단계)
4098,부산,(주)지안스틸,국제산업 물류도시 (1단계)
4099,부산,(주)지에스리테일,국제산업 물류도시 (1단계)
4100,부산,(주)지엠텍,국제산업 물류도시 (1단계)
4101,부산,(주)지케이디,국제산업 물류도시 (1단계)
4102,부산,(주)진영금속,국제산업 물류도시 (1단계)
4103,부산,(주)진영에스티 미음공장,국제산업 물류도시 (1단계)
4104,부산,(주)진영코리아,국제산업 물류도시 (1단계)
4105,부산,(주)창성그룹,국제산업 물류도시 (1단계)
4106,부산,(주)케이알스틸,국제산업 물류도시 (1단계)
4107,부산,(주)케이에이엠,국제산업 물류도시 (1단계)
4108,부산,(주)케이에이치브이,국제산업 물류도시 (1단계)
4109,부산,(주)케이엠에프,국제산업 물류도시 (1단계)
4110,부산,(주)케이원 부산지점,국제산업 물류도시 (1단계)
4111,부산,(주)케이제이코리아,국제산업 물류도시 (1단계)
4112,부산,(주)케이필터(K-FILTER),국제산업 물류도시 (1단계)
4113,부산,(주)코레코,국제산업 물류도시 (1단계)
4114,부산,(주)코로나,국제산업 물류도시 (1단계)
4115,부산,(주)태성비철,국제산업 물류도시 (1단계)
4116,부산,(주)태성엔텍,국제산업 물류도시 (1단계)
4117,부산,(주)태우엘티[구. 영남금형기계],국제산업 물류도시 (1단계)
4118,부산,(주)태원기업,국제산업 물류도시 (1단계)
4119,부산,(주)태원하이텍,국제산업 물류도시 (1단계)
4120,부산,(주)태진공조,국제산업 물류도시 (1단계)
4121,부산,(주)태흥엔지니어링,국제산업 물류도시 (1단계)
4122,부산,(주)티에스에스,국제산업 물류도시 (1단계)
4123,부산,(주)티티에스아이,국제산업 물류도시 (1단계)
4124,부산,(주)파인콤,국제산업 물류도시 (1단계)
4125,부산,(주)피엔에스홈즈물류센터,국제산업 물류도시 (1단계)
4126,부산,(주)필터솔루션,국제산업 물류도시 (1단계)
4127,부산,(주)하나정밀공업,국제산업 물류도시 (1단계)
4128,부산,(주)하성,국제산업 물류도시 (1단계)
4129,부산,(주)하영그린텍,국제산업 물류도시 (1단계)
4130,부산,(주)한국석고,국제산업 물류도시 (1단계)
4131,부산,(주)한국에스제이,국제산업 물류도시 (1단계)
4132,부산,(주)한림에스아이엠,국제산업 물류도시 (1단계)
4133,부산,(주)한성엠엔에스,국제산업 물류도시 (1단계)
4134,부산,(주)한영선기,국제산업 물류도시 (1단계)
4135,부산,(주)한일정공,국제산업 물류도시 (1단계)
4136,부산,(주)한창진공,국제산업 물류도시 (1단계)
4137,부산,(주)향상,국제산업 물류도시 (1단계)
4138,부산,(주)현진아이엘,국제산업 물류도시 (1단계)
4139,부산,(주)혜성정밀,국제산업 물류도시 (1단계)
4140,부산,(주)호성,국제산업 물류도시 (1단계)
4141,부산,(주)화성이엔티,국제산업 물류도시 (1단계)
4142,부산,(주)화진피에프,국제산업 물류도시 (1단계)
4143,부산,C.G.T International,국제산업 물류도시 (1단계)
4144,부산,H&T정밀,국제산업 물류도시 (1단계)
4145,부산,Kostec 조선해양(주),국제산업 물류도시 (1단계)
4146,부산,MST,국제산업 물류도시 (1단계)
4147,부산,SR Tech,국제산업 물류도시 (1단계)
4148,부산,ST엔텍,국제산업 물류도시 (1단계)
4149,부산,Steel Good,국제산업 물류도시 (1단계)
4150,부산,THE SYSTEM,국제산업 물류도시 (1단계)
4151,부산,YG메탈,국제산업 물류도시 (1단계)
4152,부산,the주식회사,국제산업 물류도시 (1단계)
4153,부산,가람공업사,국제산업 물류도시 (1단계)
4154,부산,가온테크,국제산업 물류도시 (1단계)
4155,부산,강서산업,국제산업 물류도시 (1단계)
4156,부산,강연기계,국제산업 물류도시 (1단계)
4157,부산,건영화물(주),국제산업 물류도시 (1단계)
4158,부산,건웅테크(주),국제산업 물류도시 (1단계)
4159,부산,경원산업 제2공장,국제산업 물류도시 (1단계)
4160,부산,경원산업기계주식회사,국제산업 물류도시 (1단계)
4161,부산,경일전기주식회사,국제산업 물류도시 (1단계)
4162,부산,경진산업,국제산업 물류도시 (1단계)
4163,부산,고성볼트산업,국제산업 물류도시 (1단계)
4164,부산,광명산업,국제산업 물류도시 (1단계)
4165,부산,구일지엔티,국제산업 물류도시 (1단계)
4166,부산,그린창호공업,국제산업 물류도시 (1단계)
4167,부산,그린케미칼,국제산업 물류도시 (1단계)
4168,부산,극동정밀,국제산업 물류도시 (1단계)
4169,부산,금동테크,국제산업 물류도시 (1단계)
4170,부산,금성기계,국제산업 물류도시 (1단계)
4171,부산,금성산업,국제산업 물류도시 (1단계)
4172,부산,금아테크,국제산업 물류도시 (1단계)
4173,부산,금오테크,국제산업 물류도시 (1단계)
4174,부산,금원스틸,국제산업 물류도시 (1단계)
4175,부산,금호산업,국제산업 물류도시 (1단계)
4176,부산,금호정공,국제산업 물류도시 (1단계)
4177,부산,기대 주식회사,국제산업 물류도시 (1단계)
4178,부산,기정테크,국제산업 물류도시 (1단계)
4179,부산,남호산업,국제산업 물류도시 (1단계)
4180,부산,남호산업,국제산업 물류도시 (1단계)
4181,부산,네쓰,국제산업 물류도시 (1단계)
4182,부산,녹산플랜지(주),국제산업 물류도시 (1단계)
4183,부산,뉴스코베큠,국제산업 물류도시 (1단계)
4184,부산,다린스틸테크 주식회사,국제산업 물류도시 (1단계)
4185,부산,다산정밀,국제산업 물류도시 (1단계)
4186,부산,다온기계,국제산업 물류도시 (1단계)
4187,부산,다옴금속,국제산업 물류도시 (1단계)
4188,부산,다옴금속2호 태양광발전소,국제산업 물류도시 (1단계)
4189,부산,다옴금속3호 태양광발전소,국제산업 물류도시 (1단계)
4190,부산,다옴금속4호 태양광발전소,국제산업 물류도시 (1단계)
4191,부산,다이소아성산업,국제산업 물류도시 (1단계)
4192,부산,대강선재,국제산업 물류도시 (1단계)
4193,부산,대광 E&A,국제산업 물류도시 (1단계)
4194,부산,대득공업사[구.해양선박공업사],국제산업 물류도시 (1단계)
4195,부산,대림메탈주식회사,국제산업 물류도시 (1단계)
4196,부산,대명공업사,국제산업 물류도시 (1단계)
4197,부산,대성상사,국제산업 물류도시 (1단계)
4198,부산,대암전기,국제산업 물류도시 (1단계)
4199,부산,대영공업사,국제산업 물류도시 (1단계)
4200,부산,대영산업,국제산업 물류도시 (1단계)
4201,부산,대원볼트,국제산업 물류도시 (1단계)
4202,부산,대원산업기계(주),국제산업 물류도시 (1단계)
4203,부산,대진공업,국제산업 물류도시 (1단계)
4204,부산,대진적재함,국제산업 물류도시 (1단계)
4205,부산,대한우드주식회사,국제산업 물류도시 (1단계)
4206,부산,대화목형,국제산업 물류도시 (1단계)
4207,부산,덕성이에이엠,국제산업 물류도시 (1단계)
4208,부산,덕융산업주식회사,국제산업 물류도시 (1단계)
4209,부산,덕일상사,국제산업 물류도시 (1단계)
4210,부산,덕포기계산업,국제산업 물류도시 (1단계)
4211,부산,데브그루커뮤니케이션즈,국제산업 물류도시 (1단계)
4212,부산,도원산업,국제산업 물류도시 (1단계)
4213,부산,도원산업,국제산업 물류도시 (1단계)
4214,부산,동경철강(주),국제산업 물류도시 (1단계)
4215,부산,동근산업,국제산업 물류도시 (1단계)
4216,부산,동명기업,국제산업 물류도시 (1단계)
4217,부산,동명산업,국제산업 물류도시 (1단계)
4218,부산,동방테크,국제산업 물류도시 (1단계)
4219,부산,동성철판,국제산업 물류도시 (1단계)
4220,부산,동신기전,국제산업 물류도시 (1단계)
4221,부산,동신제지공업 주식회사,국제산업 물류도시 (1단계)
4222,부산,동아기계,국제산업 물류도시 (1단계)
4223,부산,동아정밀산업,국제산업 물류도시 (1단계)
4224,부산,동원가설,국제산업 물류도시 (1단계)
4225,부산,동원자원,국제산업 물류도시 (1단계)
4226,부산,동은단조(주),국제산업 물류도시 (1단계)
4227,부산,동현금속기계,국제산업 물류도시 (1단계)
4228,부산,동화기업사,국제산업 물류도시 (1단계)
4229,부산,두성공업사,국제산업 물류도시 (1단계)
4230,부산,두성테크,국제산업 물류도시 (1단계)
4231,부산,렙콘컴퍼니,국제산업 물류도시 (1단계)
4232,부산,로즈,국제산업 물류도시 (1단계)
4233,부산,롯데글로벌로지스(주),국제산업 물류도시 (1단계)
4234,부산,롯데쇼핑(주),국제산업 물류도시 (1단계)
4235,부산,만강공업사,국제산업 물류도시 (1단계)
4236,부산,만에너지솔루션즈코리아,국제산업 물류도시 (1단계)
4237,부산,명신기업,국제산업 물류도시 (1단계)
4238,부산,명인산업(주),국제산업 물류도시 (1단계)
4239,부산,명진,국제산업 물류도시 (1단계)
4240,부산,명진정밀,국제산업 물류도시 (1단계)
4241,부산,명화정밀,국제산업 물류도시 (1단계)
4242,부산,모아스틸(주),국제산업 물류도시 (1단계)
4243,부산,모전,국제산업 물류도시 (1단계)
4244,부산,목향퍼니처,국제산업 물류도시 (1단계)
4245,부산,미강스텐,국제산업 물류도시 (1단계)
4246,부산,미래가설산업,국제산업 물류도시 (1단계)
4247,부산,미음공장,국제산업 물류도시 (1단계)
4248,부산,미음태양광,국제산업 물류도시 (1단계)
4249,부산,백두테크,국제산업 물류도시 (1단계)
4250,부산,범방솔라에너지 주식회사,국제산업 물류도시 (1단계)
4251,부산,베스트코리아,국제산업 물류도시 (1단계)
4252,부산,보경산업,국제산업 물류도시 (1단계)
4253,부산,보임이엔지 주식회사,국제산업 물류도시 (1단계)
4254,부산,부경,국제산업 물류도시 (1단계)
4255,부산,부곡스텐레스(주),국제산업 물류도시 (1단계)
4256,부산,부산국제정비,국제산업 물류도시 (1단계)
4257,부산,부산유압기계,국제산업 물류도시 (1단계)
4258,부산,부원화성주식회사 지점,국제산업 물류도시 (1단계)
4259,부산,부주(BOOZOO),국제산업 물류도시 (1단계)
4260,부산,비에스티,국제산업 물류도시 (1단계)
4261,부산,비엘두주식회사,국제산업 물류도시 (1단계)
4262,부산,비엠스틸주식회사,국제산업 물류도시 (1단계)
4263,부산,비엠에스엔지니어링주식회사,국제산업 물류도시 (1단계)
4264,부산,비케이파워,국제산업 물류도시 (1단계)
4265,부산,사상와이드빌,국제산업 물류도시 (1단계)
4266,부산,삼광산업기계주식회사,국제산업 물류도시 (1단계)
4267,부산,삼보기계,국제산업 물류도시 (1단계)
4268,부산,삼영엠티(주) 미음지점,국제산업 물류도시 (1단계)
4269,부산,삼우공업사,국제산업 물류도시 (1단계)
4270,부산,삼원금속,국제산업 물류도시 (1단계)
4271,부산,삼원금속공장,국제산업 물류도시 (1단계)
4272,부산,삼정ENG,국제산업 물류도시 (1단계)
4273,부산,삼진기계,국제산업 물류도시 (1단계)
4274,부산,삼진벤드,국제산업 물류도시 (1단계)
4275,부산,삼진웰텍 주식회사,국제산업 물류도시 (1단계)
4276,부산,삼진테크,국제산업 물류도시 (1단계)
4277,부산,삼풍화학,국제산업 물류도시 (1단계)
4278,부산,삼호정밀,국제산업 물류도시 (1단계)
4279,부산,삼흥에스씨(주),국제산업 물류도시 (1단계)
4280,부산,새한플라이우드,국제산업 물류도시 (1단계)
4281,부산,서진공업사,국제산업 물류도시 (1단계)
4282,부산,서한글로벌(주),국제산업 물류도시 (1단계)
4283,부산,선경산업 ,국제산업 물류도시 (1단계)
4284,부산,선익정밀,국제산업 물류도시 (1단계)
4285,부산,성광기계,국제산업 물류도시 (1단계)
4286,부산,성림중전기(주),국제산업 물류도시 (1단계)
4287,부산,성산정공,국제산업 물류도시 (1단계)
4288,부산,성신메카텍,국제산업 물류도시 (1단계)
4289,부산,성심테크,국제산업 물류도시 (1단계)
4290,부산,성원에스티,국제산업 물류도시 (1단계)
4291,부산,성진산업사,국제산업 물류도시 (1단계)
4292,부산,세기산전,국제산업 물류도시 (1단계)
4293,부산,세명금속,국제산업 물류도시 (1단계)
4294,부산,세방(주),국제산업 물류도시 (1단계)
4295,부산,세빈금속,국제산업 물류도시 (1단계)
4296,부산,세영공업사,국제산업 물류도시 (1단계)
4297,부산,세영테크,국제산업 물류도시 (1단계)
4298,부산,세원기업,국제산업 물류도시 (1단계)
4299,부산,세인일렉트롤,국제산업 물류도시 (1단계)
4300,부산,세진볼트공업,국제산업 물류도시 (1단계)
4301,부산,세진산업,국제산업 물류도시 (1단계)
4302,부산,세진인텍산업(주),국제산업 물류도시 (1단계)
4303,부산,송원정밀,국제산업 물류도시 (1단계)
4304,부산,수림스틸,국제산업 물류도시 (1단계)
4305,부산,수빈물류,국제산업 물류도시 (1단계)
4306,부산,스마트산업,국제산업 물류도시 (1단계)
4307,부산,스키퍼엔지니어링(주),국제산업 물류도시 (1단계)
4308,부산,시호산업,국제산업 물류도시 (1단계)
4309,부산,신녹산개발 주식회사,국제산업 물류도시 (1단계)
4310,부산,신아테크,국제산업 물류도시 (1단계)
4311,부산,신영기계,국제산업 물류도시 (1단계)
4312,부산,신영기계,국제산업 물류도시 (1단계)
4313,부산,신우,국제산업 물류도시 (1단계)
4314,부산,신우TRS,국제산업 물류도시 (1단계)
4315,부산,신우TRS태양광발전소,국제산업 물류도시 (1단계)
4316,부산,신우개발,국제산업 물류도시 (1단계)
4317,부산,신우상사,국제산업 물류도시 (1단계)
4318,부산,신원기계,국제산업 물류도시 (1단계)
4319,부산,신일기계,국제산업 물류도시 (1단계)
4320,부산,신진커넥터,국제산업 물류도시 (1단계)
4321,부산,신한산업사,국제산업 물류도시 (1단계)
4322,부산,신한스틸 주식회사,국제산업 물류도시 (1단계)
4323,부산,신흥엘이디[구. 신흥사],국제산업 물류도시 (1단계)
4324,부산,심우계전,국제산업 물류도시 (1단계)
4325,부산,쓰리지에프,국제산업 물류도시 (1단계)
4326,부산,씨제이대한통운(주),국제산업 물류도시 (1단계)
4327,부산,아이에스에바컨 (주),국제산업 물류도시 (1단계)
4328,부산,아주수출포장,국제산업 물류도시 (1단계)
4329,부산,아진테크(주),국제산업 물류도시 (1단계)
4330,부산,양수목형기계,국제산업 물류도시 (1단계)
4331,부산,언양테크,국제산업 물류도시 (1단계)
4332,부산,언호1호태양광발전소,국제산업 물류도시 (1단계)
4333,부산,언호2호태양광발전소,국제산업 물류도시 (1단계)
4334,부산,에스더블유테크주식회사,국제산업 물류도시 (1단계)
4335,부산,에스에스ENG,국제산업 물류도시 (1단계)
4336,부산,에스에스에프(삼성피팅),국제산업 물류도시 (1단계)
4337,부산,에스에스엘인터내셔널,국제산업 물류도시 (1단계)
4338,부산,에스에이치태양광,국제산업 물류도시 (1단계)
4339,부산,에스엔더블유테크,국제산업 물류도시 (1단계)
4340,부산,에스엔시스(주),국제산업 물류도시 (1단계)
4341,부산,에스엔시스(주),국제산업 물류도시 (1단계)
4342,부산,에스와이메탈,국제산업 물류도시 (1단계)
4343,부산,에스이앤테크주식회사,국제산업 물류도시 (1단계)
4344,부산,에스이엔,국제산업 물류도시 (1단계)
4345,부산,에스지에스부산다이빙 유한회사,국제산업 물류도시 (1단계)
4346,부산,에스피앤지(주),국제산업 물류도시 (1단계)
4347,부산,에이스테크(주),국제산업 물류도시 (1단계)
4348,부산,에이치지엠(HGM),국제산업 물류도시 (1단계)
4349,부산,에이치케이라이팅,국제산업 물류도시 (1단계)
4350,부산,에코필텍(주),국제산업 물류도시 (1단계)
4351,부산,에프에스원 주식회사,국제산업 물류도시 (1단계)
4352,부산,에피룩스,국제산업 물류도시 (1단계)
4353,부산,엔씨정공(주),국제산업 물류도시 (1단계)
4354,부산,엔아이에스,국제산업 물류도시 (1단계)
4355,부산,엘케이베큠,국제산업 물류도시 (1단계)
4356,부산,영남금형기계,국제산업 물류도시 (1단계)
4357,부산,영도산업(주),국제산업 물류도시 (1단계)
4358,부산,영준산업,국제산업 물류도시 (1단계)
4359,부산,영준산업,국제산업 물류도시 (1단계)
4360,부산,영진산업,국제산업 물류도시 (1단계)
4361,부산,예진산업,국제산업 물류도시 (1단계)
4362,부산,오토텍,국제산업 물류도시 (1단계)
4363,부산,와이비엔지니어링(주),국제산업 물류도시 (1단계)
4364,부산,용진산전,국제산업 물류도시 (1단계)
4365,부산,우경금속(주),국제산업 물류도시 (1단계)
4366,부산,우림기공,국제산업 물류도시 (1단계)
4367,부산,우성,국제산업 물류도시 (1단계)
4368,부산,우성공업사,국제산업 물류도시 (1단계)
4369,부산,우성산업,국제산업 물류도시 (1단계)
4370,부산,우성솔루텍,국제산업 물류도시 (1단계)
4371,부산,우성해상(주),국제산업 물류도시 (1단계)
4372,부산,우신산업기계,국제산업 물류도시 (1단계)
4373,부산,우일산업기계,국제산업 물류도시 (1단계)
4374,부산,우진테크,국제산업 물류도시 (1단계)
4375,부산,원일공업,국제산업 물류도시 (1단계)
4376,부산,원진엘앤디,국제산업 물류도시 (1단계)
4377,부산,원테크,국제산업 물류도시 (1단계)
4378,부산,원피팅,국제산업 물류도시 (1단계)
4379,부산,원형정공,국제산업 물류도시 (1단계)
4380,부산,윈텍스(주),국제산업 물류도시 (1단계)
4381,부산,유성기계,국제산업 물류도시 (1단계)
4382,부산,유정목재,국제산업 물류도시 (1단계)
4383,부산,유종기업,국제산업 물류도시 (1단계)
4384,부산,"이제이솔루션1,2호 태양광발전소",국제산업 물류도시 (1단계)
4385,부산,이카에너지 주식회사,국제산업 물류도시 (1단계)
4386,부산,이화,국제산업 물류도시 (1단계)
4387,부산,이화테크,국제산업 물류도시 (1단계)
4388,부산,인성전기 주식회사,국제산업 물류도시 (1단계)
4389,부산,일동산업,국제산업 물류도시 (1단계)
4390,부산,장스틸,국제산업 물류도시 (1단계)
4391,부산,장엔지니어링,국제산업 물류도시 (1단계)
4392,부산,장우정밀,국제산업 물류도시 (1단계)
4393,부산,재단법인 한국조선해양기자재연구원,국제산업 물류도시 (1단계)
4394,부산,전일운수(유),국제산업 물류도시 (1단계)
4395,부산,전창공업,국제산업 물류도시 (1단계)
4396,부산,정아정밀(주)강서공장,국제산업 물류도시 (1단계)
4397,부산,정열공업사,국제산업 물류도시 (1단계)
4398,부산,정일산업기계주식회사,국제산업 물류도시 (1단계)
4399,부산,제이에스테크,국제산업 물류도시 (1단계)
4400,부산,제이에이치 태양광발전소(JH),국제산업 물류도시 (1단계)
4401,부산,조광페인트(주),국제산업 물류도시 (1단계)
4402,부산,조양테크,국제산업 물류도시 (1단계)
4403,부산,조훈테크,국제산업 물류도시 (1단계)
4404,부산,주)대양,국제산업 물류도시 (1단계)
4405,부산,주식회사 강서로지스,국제산업 물류도시 (1단계)
4406,부산,주식회사 글로벌에너지솔루션,국제산업 물류도시 (1단계)
4407,부산,주식회사 나우이엔티,국제산업 물류도시 (1단계)
4408,부산,주식회사 다원티엔티,국제산업 물류도시 (1단계)
4409,부산,주식회사 동아기계,국제산업 물류도시 (1단계)
4410,부산,주식회사 동호산업기계,국제산업 물류도시 (1단계)
4411,부산,주식회사 디에이치콘트롤스,국제산업 물류도시 (1단계)
4412,부산,주식회사 디엔솔루션즈,국제산업 물류도시 (1단계)
4413,부산,주식회사 리니아테크,국제산업 물류도시 (1단계)
4414,부산,주식회사 만선코리아,국제산업 물류도시 (1단계)
4415,부산,주식회사 명리,국제산업 물류도시 (1단계)
4416,부산,주식회사 모스텍,국제산업 물류도시 (1단계)
4417,부산,주식회사 미광ENG,국제산업 물류도시 (1단계)
4418,부산,주식회사 부광금속,국제산업 물류도시 (1단계)
4419,부산,주식회사 부산태양광1호,국제산업 물류도시 (1단계)
4420,부산,주식회사 부산태양광5호,국제산업 물류도시 (1단계)
4421,부산,주식회사 부산태양광6호,국제산업 물류도시 (1단계)
4422,부산,주식회사 부흥,국제산업 물류도시 (1단계)
4423,부산,주식회사 비엔엔,국제산업 물류도시 (1단계)
4424,부산,주식회사 사등산업,국제산업 물류도시 (1단계)
4425,부산,주식회사 삼원테크,국제산업 물류도시 (1단계)
4426,부산,주식회사 샤픈고트,국제산업 물류도시 (1단계)
4427,부산,주식회사 서경금속,국제산업 물류도시 (1단계)
4428,부산,주식회사 선우하이텍,국제산업 물류도시 (1단계)
4429,부산,주식회사 선익정밀,국제산업 물류도시 (1단계)
4430,부산,주식회사 세이브,국제산업 물류도시 (1단계)
4431,부산,주식회사 신미정공,국제산업 물류도시 (1단계)
4432,부산,주식회사 신우티앤에스,국제산업 물류도시 (1단계)
4433,부산,주식회사 신진산업,국제산업 물류도시 (1단계)
4434,부산,주식회사 아산에스앤테크,국제산업 물류도시 (1단계)
4435,부산,주식회사 아이비티,국제산업 물류도시 (1단계)
4436,부산,주식회사 알피오,국제산업 물류도시 (1단계)
4437,부산,주식회사 앤써,국제산업 물류도시 (1단계)
4438,부산,주식회사 에스엔피,국제산업 물류도시 (1단계)
4439,부산,주식회사 에스피아이앤티,국제산업 물류도시 (1단계)
4440,부산,주식회사 에이치앤씨,국제산업 물류도시 (1단계)
4441,부산,주식회사 에프에스비컴퍼니,국제산업 물류도시 (1단계)
4442,부산,주식회사 엠아이비테크,국제산업 물류도시 (1단계)
4443,부산,주식회사 와이지에스,국제산업 물류도시 (1단계)
4444,부산,주식회사 우리엔진,국제산업 물류도시 (1단계)
4445,부산,주식회사 원규,국제산업 물류도시 (1단계)
4446,부산,주식회사 유성정밀엔지니어링,국제산업 물류도시 (1단계)
4447,부산,주식회사 유진탑,국제산업 물류도시 (1단계)
4448,부산,주식회사 이노센스,국제산업 물류도시 (1단계)
4449,부산,주식회사 인피니트,국제산업 물류도시 (1단계)
4450,부산,주식회사 제이에이치엘엠티,국제산업 물류도시 (1단계)
4451,부산,주식회사 제이와이케이,국제산업 물류도시 (1단계)
4452,부산,주식회사 젠,국제산업 물류도시 (1단계)
4453,부산,주식회사 조이풀,국제산업 물류도시 (1단계)
4454,부산,주식회사 지비테크,국제산업 물류도시 (1단계)
4455,부산,주식회사 지소프트웨어뱅크코리아,국제산업 물류도시 (1단계)
4456,부산,주식회사 지아이티,국제산업 물류도시 (1단계)
4457,부산,주식회사 지에스테크,국제산업 물류도시 (1단계)
4458,부산,주식회사 진에스엔에스,국제산업 물류도시 (1단계)
4459,부산,주식회사 케이더블유로지스틱스,국제산업 물류도시 (1단계)
4460,부산,주식회사 케이로지스필드부산범방,국제산업 물류도시 (1단계)
4461,부산,주식회사 케이와이테크,국제산업 물류도시 (1단계)
4462,부산,주식회사 케일럼,국제산업 물류도시 (1단계)
4463,부산,주식회사 코렌스이엠,국제산업 물류도시 (1단계)
4464,부산,주식회사 태산이엔지,국제산업 물류도시 (1단계)
4465,부산,주식회사 태승기계산업,국제산업 물류도시 (1단계)
4466,부산,주식회사 태화공업,국제산업 물류도시 (1단계)
4467,부산,주식회사 티엑스알로보틱스 부산,국제산업 물류도시 (1단계)
4468,부산,주식회사 티지하이텍코리아,국제산업 물류도시 (1단계)
4469,부산,주식회사 파나시아,국제산업 물류도시 (1단계)
4470,부산,주식회사 한성글로벌,국제산업 물류도시 (1단계)
4471,부산,주식회사 호두,국제산업 물류도시 (1단계)
4472,부산,주식회사 화인스틸,국제산업 물류도시 (1단계)
4473,부산,주식회사DPM,국제산업 물류도시 (1단계)
4474,부산,주식회사강연기계,국제산업 물류도시 (1단계)
4475,부산,주식회사비에스바이오,국제산업 물류도시 (1단계)
4476,부산,주식회사씨앤에스인터내셔널,국제산업 물류도시 (1단계)
4477,부산,주식회사아신,국제산업 물류도시 (1단계)
4478,부산,주식회사에이치티비,국제산업 물류도시 (1단계)
4479,부산,주식회사연합철강,국제산업 물류도시 (1단계)
4480,부산,주식회사원진금속,국제산업 물류도시 (1단계)
4481,부산,주식회사이모션세라믹,국제산업 물류도시 (1단계)
4482,부산,주은 태양광발전소,국제산업 물류도시 (1단계)
4483,부산,주현,국제산업 물류도시 (1단계)
4484,부산,주현,국제산업 물류도시 (1단계)
4485,부산,중근 태양광발전소,국제산업 물류도시 (1단계)
4486,부산,중소조선연구원,국제산업 물류도시 (1단계)
4487,부산,지엔피테크,국제산업 물류도시 (1단계)
4488,부산,지엘티에스,국제산업 물류도시 (1단계)
4489,부산,지오에스티 주식회사,국제산업 물류도시 (1단계)
4490,부산,지이텍(주),국제산업 물류도시 (1단계)
4491,부산,지티에스,국제산업 물류도시 (1단계)
4492,부산,진양산업(주),국제산업 물류도시 (1단계)
4493,부산,창신기계공업(주),국제산업 물류도시 (1단계)
4494,부산,창신에스티에스(주),국제산업 물류도시 (1단계)
4495,부산,창신풍력(주),국제산업 물류도시 (1단계)
4496,부산,천세철강(주),국제산업 물류도시 (1단계)
4497,부산,천수정밀공업(주),국제산업 물류도시 (1단계)
4498,부산,청운커팅,국제산업 물류도시 (1단계)
4499,부산,청원기계(주),국제산업 물류도시 (1단계)
4500,부산,충무포금기계,국제산업 물류도시 (1단계)
4501,부산,케이디하이텍,국제산업 물류도시 (1단계)
4502,부산,케이엠지테크 주식회사,국제산업 물류도시 (1단계)
4503,부산,케이원 로지스틱,국제산업 물류도시 (1단계)
4504,부산,케이제이인터내셔날(주),국제산업 물류도시 (1단계)
4505,부산,케이타공 주식회사,국제산업 물류도시 (1단계)
4506,부산,케이테크,국제산업 물류도시 (1단계)
4507,부산,케이티에스,국제산업 물류도시 (1단계)
4508,부산,코리아토탈엔지니어링(주),국제산업 물류도시 (1단계)
4509,부산,코스텍,국제산업 물류도시 (1단계)
4510,부산,태광하우징,국제산업 물류도시 (1단계)
4511,부산,태영스틸 주식회사,국제산업 물류도시 (1단계)
4512,부산,태영코퍼레이션(주),국제산업 물류도시 (1단계)
4513,부산,태원산업,국제산업 물류도시 (1단계)
4514,부산,태정테크,국제산업 물류도시 (1단계)
4515,부산,태한주식회사,국제산업 물류도시 (1단계)
4516,부산,태화정밀공업(주),국제산업 물류도시 (1단계)
4517,부산,태화피앤엠,국제산업 물류도시 (1단계)
4518,부산,투와이테크주식회사,국제산업 물류도시 (1단계)
4519,부산,티튜브(주),국제산업 물류도시 (1단계)
4520,부산,파스웰,국제산업 물류도시 (1단계)
4521,부산,평원스틸,국제산업 물류도시 (1단계)
4522,부산,풍성사,국제산업 물류도시 (1단계)
4523,부산,피엠지주식회사,국제산업 물류도시 (1단계)
4524,부산,하이즈항공 주식회사,국제산업 물류도시 (1단계)
4525,부산,한강스틸(주),국제산업 물류도시 (1단계)
4526,부산,한국로지스풀(주),국제산업 물류도시 (1단계)
4527,부산,한국산업태양광(주),국제산업 물류도시 (1단계)
4528,부산,한국석유관리원,국제산업 물류도시 (1단계)
4529,부산,한국셀프산업,국제산업 물류도시 (1단계)
4530,부산,한국카처 주식회사,국제산업 물류도시 (1단계)
4531,부산,한국타프로기(주),국제산업 물류도시 (1단계)
4532,부산,한국필텍,국제산업 물류도시 (1단계)
4533,부산,한길정공,국제산업 물류도시 (1단계)
4534,부산,한라아이엠에스 주식회사,국제산업 물류도시 (1단계)
4535,부산,한빛상사,국제산업 물류도시 (1단계)
4536,부산,한성공업,국제산업 물류도시 (1단계)
4537,부산,한성에이치티유한회사,국제산업 물류도시 (1단계)
4538,부산,한수기공 주식회사,국제산업 물류도시 (1단계)
4539,부산,한신산업,국제산업 물류도시 (1단계)
4540,부산,한신산업,국제산업 물류도시 (1단계)
4541,부산,한일냉장(주),국제산업 물류도시 (1단계)
4542,부산,한일파이프,국제산업 물류도시 (1단계)
4543,부산,항도에스티,국제산업 물류도시 (1단계)
4544,부산,해신산업기계(주),국제산업 물류도시 (1단계)
4545,부산,햇살그린 협동조합,국제산업 물류도시 (1단계)
4546,부산,현대금속,국제산업 물류도시 (1단계)
4547,부산,현대산업사,국제산업 물류도시 (1단계)
4548,부산,현대종합금속(주),국제산업 물류도시 (1단계)
4549,부산,현대테크,국제산업 물류도시 (1단계)
4550,부산,현송콘트롤스(주),국제산업 물류도시 (1단계)
4551,부산,협신기계(주),국제산업 물류도시 (1단계)
4552,부산,혜림티엔씨,국제산업 물류도시 (1단계)
4553,부산,혜진,국제산업 물류도시 (1단계)
4554,부산,혜진,국제산업 물류도시 (1단계)
4555,부산,화봉산기,국제산업 물류도시 (1단계)
4556,부산,화신해운항공(주),국제산업 물류도시 (1단계)
4557,부산,효경테크,국제산업 물류도시 (1단계)
4558,부산,효원금속(주),국제산업 물류도시 (1단계)
4559,부산,흥아기계,국제산업 물류도시 (1단계)
4560,부산,힐탑산기,국제산업 물류도시 (1단계)
4561,부산,힐탑산기,국제산업 물류도시 (1단계)
4562,부산,엘엔지산업기술협동조합,명지·녹산 국가산업단지
4563,부산,(주)디마인,동명대
4564,부산,(주)리안,동명대
4565,부산,(주)스타라이트,동명대
4566,부산,(주)원 ,동명대
4567,부산,(주)원포인트,동명대
4568,부산,(주)유노아이티,동명대
4569,부산,나라시스템,동명대
4570,부산,동명대학교,동명대
4571,부산,스마트드론,동명대
4572,부산,시즈(ciiz),동명대
4573,부산,씨셀(주),동명대
4574,부산,에스플레비스 주식회사,동명대
4575,부산,이노텍,동명대
4576,부산,주식회사 디아이솔루션,동명대
4577,부산,주식회사 마린스텔라텍,동명대
4578,부산,주식회사 에드벡트티앤아이,동명대
4579,부산,주식회사 와이엘메니지먼트,동명대
4580,부산,주식회사 제이에이치바이오팜,동명대
4581,부산,주식회사 파란,동명대
4582,부산,지아이앤 주식회사,동명대
4583,부산,코미드 주식회사,동명대
4584,부산,파송송닷컴,동명대
4585,부산,(주)린치핀,동아대
4586,부산,(주)아이지오,동아대
4587,부산,(주)웨이브랩,동아대
4588,부산,(주)인바이즈,동아대
4589,부산,MedLAB,동아대
4590,부산,㈜유디엠,동아대
4591,부산,거명이엔씨 주식회사,동아대
4592,부산,농업회사법인 주식회사 다우팜,동아대
4593,부산,동아대학교,동아대
4594,부산,부산영화사(주),동아대
4595,부산,에쓰엠팹 주식회사,동아대
4596,부산,유니하이스,동아대
4597,부산,유에이치에스(주),동아대
4598,부산,주식회사 나노와,동아대
4599,부산,주식회사 동아비앤에프,동아대
4600,부산,주식회사 비에프씨씨,동아대
4601,부산,주식회사 세타랩,동아대
4602,부산,주식회사 에스랩,동아대
4603,부산,주식회사 커즈앤나블라,동아대
4604,부산,주식회사 플러스랩,동아대
4605,부산,지니에듀테크(주),동아대
4606,부산,테스원 주식회사,동아대
4607,부산,필스테크(주),동아대
4608,부산,한국미세먼지연구소주식회사,동아대
4609,부산,(주)디에스비연구소,동의대
4610,부산,(주)스포츠인,동의대
4611,부산,(주)아이제이엑스콤,동의대
4612,부산,(주)인우랩,동의대
4613,부산,(주)코아이,동의대
4614,부산,(주)프로젠,동의대
4615,부산,미래시스템즈,동의대
4616,부산,아이문헬스케어 주식회사,동의대
4617,부산,에이치비테크 주식회사,동의대
4618,부산,주식회사 글리고핏,동의대
4619,부산,주식회사 로이브,동의대
4620,부산,주식회사 바이오폴,동의대
4621,부산,주식회사 뷰트리,동의대
4622,부산,주식회사 스마트랩,동의대
4623,부산,주식회사 에코미네랄,동의대
4624,부산,주식회사 오투랩,동의대
4625,부산,주식회사 위드유,동의대
4626,부산,주식회사 은재팜,동의대
4627,부산,주식회사 자은테크놀로지,동의대
4628,부산,주식회사 피앤테크,동의대
4629,부산,(재)부산테크노파크,미음일반산업단지
4630,부산,(주) DK Industry,미음일반산업단지
4631,부산,(주)BHE,미음일반산업단지
4632,부산,(주)광림마린테크,미음일반산업단지
4633,부산,(주)국제금속,미음일반산업단지
4634,부산,(주)대하하이드로릭,미음일반산업단지
4635,부산,(주)동화하이테크,미음일반산업단지
4636,부산,(주)두영산기,미음일반산업단지
4637,부산,(주)디에이치,미음일반산업단지
4638,부산,(주)디엔에이치컴퍼니,미음일반산업단지
4639,부산,(주)디제이에프,미음일반산업단지
4640,부산,(주)럭스코,미음일반산업단지
4641,부산,(주)런텍,미음일반산업단지
4642,부산,(주)반도마린,미음일반산업단지
4643,부산,(주)보명금속,미음일반산업단지
4644,부산,(주)보명피앤티 미음공장,미음일반산업단지
4645,부산,(주)브릿지오브날리지,미음일반산업단지
4646,부산,(주)비엔비솔루션,미음일반산업단지
4647,부산,(주)세명에프엔브이,미음일반산업단지
4648,부산,(주)세양,미음일반산업단지
4649,부산,(주)세양하이테크,미음일반산업단지
4650,부산,(주)세이프몬,미음일반산업단지
4651,부산,(주)쉬즈엠,미음일반산업단지
4652,부산,(주)스마트링스,미음일반산업단지
4653,부산,(주)승진,미음일반산업단지
4654,부산,(주)씨에이치케이,미음일반산업단지
4655,부산,(주)씨텍,미음일반산업단지
4656,부산,(주)아쿠아텍,미음일반산업단지
4657,부산,(주)엠씨엠,미음일반산업단지
4658,부산,(주)영창금속,미음일반산업단지
4659,부산,(주)우진와이어,미음일반산업단지
4660,부산,(주)월드오션,미음일반산업단지
4661,부산,(주)유니온,미음일반산업단지
4662,부산,(주)유니플로,미음일반산업단지
4663,부산,(주)일링크스,미음일반산업단지
4664,부산,(주)일정,미음일반산업단지
4665,부산,(주)정화선박의장,미음일반산업단지
4666,부산,(주)종합폴스타,미음일반산업단지
4667,부산,(주)천일철강,미음일반산업단지
4668,부산,(주)케이제이에프,미음일반산업단지
4669,부산,(주)코세리 koseri,미음일반산업단지
4670,부산,(주)클린엠테크,미음일반산업단지
4671,부산,(주)트레스,미음일반산업단지
4672,부산,(주)펠릭스테크,미음일반산업단지
4673,부산,(주)하나이엔지,미음일반산업단지
4674,부산,(주)하나이엔지,미음일반산업단지
4675,부산,(주)한국엘앤티,미음일반산업단지
4676,부산,(주)헤스피마린,미음일반산업단지
4677,부산,(주)현기이엔지,미음일반산업단지
4678,부산,(주)히트웍스,미음일반산업단지
4679,부산,㈜희양,미음일반산업단지
4680,부산,가온이엔에스 주식회사,미음일반산업단지
4681,부산,강서구지역자활센터,미음일반산업단지
4682,부산,강진산업기계,미음일반산업단지
4683,부산,거림엔지니어링주식회사,미음일반산업단지
4684,부산,경신밸브,미음일반산업단지
4685,부산,고모텍(주),미음일반산업단지
4686,부산,극동엔지니어링,미음일반산업단지
4687,부산,금강엔지니어링,미음일반산업단지
4688,부산,노아소리(주),미음일반산업단지
4689,부산,노아전자,미음일반산업단지
4690,부산,다이텍연구원 부산섬유소재진흥센터,미음일반산업단지
4691,부산,대원중공업(주),미음일반산업단지
4692,부산,동서열처리 주식회사,미음일반산업단지
4693,부산,동서열처리 주식회사 (미음지점),미음일반산업단지
4694,부산,동양GTS,미음일반산업단지
4695,부산,동양하이드텍(주),미음일반산업단지
4696,부산,동화정밀화학,미음일반산업단지
4697,부산,두호특허법인,미음일반산업단지
4698,부산,디에이취엠씨 부설연구소,미음일반산업단지
4699,부산,디엔비테크놀로지(주),미음일반산업단지
4700,부산,디엠테크,미음일반산업단지
4701,부산,로보트론,미음일반산업단지
4702,부산,로카디(주),미음일반산업단지
4703,부산,리얼미트쓰리디,미음일반산업단지
4704,부산,바르질라코리아(주),미음일반산업단지
4705,부산,바름TECH,미음일반산업단지
4706,부산,바이오랩코리아 주식회사,미음일반산업단지
4707,부산,부산조선해양기자재공업협동조합,미음일반산업단지
4708,부산,비비에이치주식회사,미음일반산업단지
4709,부산,사단법인 부산산학융합원,미음일반산업단지
4710,부산,삼광이엔씨,미음일반산업단지
4711,부산,삼전금속공업사,미음일반산업단지
4712,부산,삼한플라텍,미음일반산업단지
4713,부산,성광기공,미음일반산업단지
4714,부산,성광스틸,미음일반산업단지
4715,부산,성흠테크,미음일반산업단지
4716,부산,세원중공업,미음일반산업단지
4717,부산,수민실업,미음일반산업단지
4718,부산,슈퍼티그웰딩㈜,미음일반산업단지
4719,부산,승에너지,미음일반산업단지
4720,부산,승협기계,미음일반산업단지
4721,부산,시나브로 드라이브,미음일반산업단지
4722,부산,신화ENG,미음일반산업단지
4723,부산,신흥에프앤에스,미음일반산업단지
4724,부산,신흥정공(주),미음일반산업단지
4725,부산,씨나비정보기술(주),미음일반산업단지
4726,부산,아이쓰리주식회사,미음일반산업단지
4727,부산,아이파트너즈,미음일반산업단지
4728,부산,아틀라스네이벌엔지니어링 유한회사,미음일반산업단지
4729,부산,알더블유에스,미음일반산업단지
4730,부산,에스에이치섬유,미음일반산업단지
4731,부산,에스지솔루션(주),미음일반산업단지
4732,부산,에어솔리스,미음일반산업단지
4733,부산,와이시피(주),미음일반산업단지
4734,부산,와이시피특수강(주) 미음공장,미음일반산업단지
4735,부산,우성엔텍,미음일반산업단지
4736,부산,우성플로텍(주),미음일반산업단지
4737,부산,유솔산업,미음일반산업단지
4738,부산,유진기술 주식회사,미음일반산업단지
4739,부산,은창씨엔비,미음일반산업단지
4740,부산,주식회사 가블러코리아,미음일반산업단지
4741,부산,주식회사 대웅개발,미음일반산업단지
4742,부산,주식회사 대하,미음일반산업단지
4743,부산,주식회사 딥마인드,미음일반산업단지
4744,부산,주식회사 링크인더스트리,미음일반산업단지
4745,부산,주식회사 빈센,미음일반산업단지
4746,부산,주식회사 선진이엔텍,미음일반산업단지
4747,부산,주식회사 세이,미음일반산업단지
4748,부산,주식회사 스타로보웰즈,미음일반산업단지
4749,부산,주식회사 씨앤엠,미음일반산업단지
4750,부산,주식회사 엔에스알,미음일반산업단지
4751,부산,주식회사 엔에스에너지1,미음일반산업단지
4752,부산,주식회사 엔젤,미음일반산업단지
4753,부산,주식회사 이루리,미음일반산업단지
4754,부산,주식회사 제이아이인더스트리,미음일반산업단지
4755,부산,주식회사 제이에스피산업,미음일반산업단지
4756,부산,주식회사 지인,미음일반산업단지
4757,부산,주식회사 콤스,미음일반산업단지
4758,부산,주식회사 태광플랜텍,미음일반산업단지
4759,부산,주식회사 템코,미음일반산업단지
4760,부산,주식회사 프로스트,미음일반산업단지
4761,부산,주식회사 하이퍼드라이브,미음일반산업단지
4762,부산,주식회사 한국지속가능성연구원,미음일반산업단지
4763,부산,주식회사 흥진티엔디,미음일반산업단지
4764,부산,주식회사비큐브,미음일반산업단지
4765,부산,주식회사아이티티,미음일반산업단지
4766,부산,주식회사에코닉,미음일반산업단지
4767,부산,주식회사와이비씨,미음일반산업단지
4768,부산,지에너지,미음일반산업단지
4769,부산,지에이티,미음일반산업단지
4770,부산,카토즈(주),미음일반산업단지
4771,부산,코리아마린테크주식회사,미음일반산업단지
4772,부산,큐알피테크,미음일반산업단지
4773,부산,클라크지게차부산(주),미음일반산업단지
4774,부산,탈렌트엘엔지(주),미음일반산업단지
4775,부산,파워펌프 주식회사,미음일반산업단지
4776,부산,평화정밀,미음일반산업단지
4777,부산,한국생산기술연구원,미음일반산업단지
4778,부산,한국융합컨설팅연구원,미음일반산업단지
4779,부산,한국철강,미음일반산업단지
4780,부산,한국플랜텍,미음일반산업단지
4781,부산,한성엠에스,미음일반산업단지
4782,부산,한일방식(주),미음일반산업단지
4783,부산,해동메탈(주),미음일반산업단지
4784,부산,혜동기계,미음일반산업단지
4785,부산,화진기업(주),미음일반산업단지
4786,부산,환호조선(주),미음일반산업단지
4787,부산,(주)디에이치오션,부경대
4788,부산,(주)바름테크,부경대
4789,부산,(주)부경대학교어간장연구소,부경대
4790,부산,(주)스펄스엠텍,부경대
4791,부산,(주)썬커뮤니케이션,부경대
4792,부산,(주)씨에프씨테라메이트,부경대
4793,부산,(주)아쿠아랩,부경대
4794,부산,(주)에이블이엔씨,부경대
4795,부산,(주)에이티씨시스템,부경대
4796,부산,(주)엘로이미디어,부경대
4797,부산,(주)엘아이비에너지,부경대
4798,부산,(주)엘이디소프트,부경대
4799,부산,(주)위니즈,부경대
4800,부산,(주)장수바이오,부경대
4801,부산,(주)제이케이골드,부경대
4802,부산,(주)코어무브먼트,부경대
4803,부산,(주)하버맥스,부경대
4804,부산,PDJ MEDIA,부경대
4805,부산,㈜유씨네트워크,부경대
4806,부산,그린에너지 주식회사,부경대
4807,부산,농업회사법인주식회사함초록,부경대
4808,부산,다옴,부경대
4809,부산,듀론(DURONE),부경대
4810,부산,링크플릭스,부경대
4811,부산,마린엑스(MarineX),부경대
4812,부산,미도산업,부경대
4813,부산,서우테크 주식회사,부경대
4814,부산,세론시스주식회사,부경대
4815,부산,씨케이브릿지,부경대
4816,부산,아이닉스,부경대
4817,부산,애드크로주식회사,부경대
4818,부산,에너지절감사업,부경대
4819,부산,에이치와이컨텍,부경대
4820,부산,엠씨알(주),부경대
4821,부산,오션와이드,부경대
4822,부산,우짜    ,부경대
4823,부산,위니즈,부경대
4824,부산,이에스지주식회사,부경대
4825,부산,조타코마린,부경대
4826,부산,주식회사 그람,부경대
4827,부산,주식회사 대금,부경대
4828,부산,주식회사 더블오,부경대
4829,부산,주식회사 마라나노텍코리아,부경대
4830,부산,주식회사 센스닉,부경대
4831,부산,주식회사 스마트짐,부경대
4832,부산,주식회사 스푸어,부경대
4833,부산,주식회사 아이스,부경대
4834,부산,주식회사 아이티에프씨,부경대
4835,부산,주식회사 에프피,부경대
4836,부산,주식회사 엔비즈,부경대
4837,부산,주식회사 엔지엠,부경대
4838,부산,주식회사 요트피플,부경대
4839,부산,주식회사 이오테크,부경대
4840,부산,주식회사 제이케이아이앤씨,부경대
4841,부산,주식회사 케비스텐더드앤디,부경대
4842,부산,주식회사 케이디에스,부경대
4843,부산,주식회사 크레이지앤트,부경대
4844,부산,주식회사 투알컴퍼니,부경대
4845,부산,주식회사 화정,부경대
4846,부산,주식회사링크플릭스,부경대
4847,부산,클레어드보떼,부경대
4848,부산,타브 주식회사,부경대
4849,부산,티와이티에스 주식회사,부경대
4850,부산,파이힐(주),부경대
4851,부산,피앤룩스 주식회사,부경대
4852,부산,피케이시스템,부경대
4853,부산,(주)건우테크,부산과학일반산업단지
4854,부산,(주)동신모텍,부산과학일반산업단지
4855,부산,(주)메드랩,부산과학일반산업단지
4856,부산,(주)메손플러스,부산과학일반산업단지
4857,부산,(주)상영마그네트,부산과학일반산업단지
4858,부산,(주)에스엘엠 부산지점,부산과학일반산업단지
4859,부산,(주)에이비씨,부산과학일반산업단지
4860,부산,(주)에코그린,부산과학일반산업단지
4861,부산,(주)우원ENG,부산과학일반산업단지
4862,부산,(주)윤진환경,부산과학일반산업단지
4863,부산,(주)한국해양엘앤지기술,부산과학일반산업단지
4864,부산,(주)한민경테크,부산과학일반산업단지
4865,부산,(주)해동실업,부산과학일반산업단지
4866,부산,(주)해동테크,부산과학일반산업단지
4867,부산,(주)해우기술,부산과학일반산업단지
4868,부산,가주정보기술,부산과학일반산업단지
4869,부산,넷브리즈 주식회사,부산과학일반산업단지
4870,부산,다도(DADO),부산과학일반산업단지
4871,부산,대진산업,부산과학일반산업단지
4872,부산,리뉴앤뉴,부산과학일반산업단지
4873,부산,베스트에너지(주),부산과학일반산업단지
4874,부산,선진ERS,부산과학일반산업단지
4875,부산,씨케이테크,부산과학일반산업단지
4876,부산,아이센스24,부산과학일반산업단지
4877,부산,에스앤제이 엔지니어,부산과학일반산업단지
4878,부산,에코레이저(주),부산과학일반산업단지
4879,부산,우림EMS,부산과학일반산업단지
4880,부산,이박스   ,부산과학일반산업단지
4881,부산,인제컴퍼니,부산과학일반산업단지
4882,부산,주식회사 갓테크,부산과학일반산업단지
4883,부산,주식회사 기대테크,부산과학일반산업단지
4884,부산,주식회사 부경라이팅,부산과학일반산업단지
4885,부산,주식회사 성우솔루텍,부산과학일반산업단지
4886,부산,주식회사 알링크,부산과학일반산업단지
4887,부산,주식회사 알파드라이브,부산과학일반산업단지
4888,부산,주식회사 에스알비,부산과학일반산업단지
4889,부산,주식회사 와이엘테크,부산과학일반산업단지
4890,부산,주식회사 제이앤비,부산과학일반산업단지
4891,부산,주식회사 주현테크원,부산과학일반산업단지
4892,부산,주식회사위로우,부산과학일반산업단지
4893,부산,주식회사유성아이티엠,부산과학일반산업단지
4894,부산,주식회사포텐츠,부산과학일반산업단지
4895,부산,트렌스가스솔루션,부산과학일반산업단지
4896,부산,한빛솔리드,부산과학일반산업단지
4897,부산,(주)다츠,부산대
4898,부산,(주)리벌스팩토리,부산대
4899,부산,(주)리프레나,부산대
4900,부산,(주)마이알,부산대
4901,부산,(주)선경이엔티,부산대
4902,부산,(주)에스아이티엘,부산대
4903,부산,(주)에이아이인사이트,부산대
4904,부산,(주)이머전트머티리얼즈,부산대
4905,부산,(주)케이워터크레프트,부산대
4906,부산,(주)티앤테크,부산대
4907,부산,(주)파시디엘,부산대
4908,부산,(주)폭씨,부산대
4909,부산,(주)피알지에스앤텍,부산대
4910,부산,(주)하영메디텍,부산대
4911,부산,감바랩스(주),부산대
4912,부산,금정제약 주식회사,부산대
4913,부산,레그온,부산대
4914,부산,선바이오연구소(주),부산대
4915,부산,소울닷,부산대
4916,부산,심바는 크리스마스,부산대
4917,부산,알오지스틱스(ROgistics),부산대
4918,부산,에스티씨앤엠(ST C&M),부산대
4919,부산,에이치티엠,부산대
4920,부산,이에스피앤메딕,부산대
4921,부산,주식회사 글루리,부산대
4922,부산,주식회사 내츄럴바이오,부산대
4923,부산,주식회사 덴큐임플란,부산대
4924,부산,주식회사 레이어코퍼레이션,부산대
4925,부산,주식회사 바론테크,부산대
4926,부산,주식회사 비즈닉스,부산대
4927,부산,주식회사 비케이,부산대
4928,부산,주식회사 샌드버그,부산대
4929,부산,주식회사 스마트체인,부산대
4930,부산,주식회사 아나스,부산대
4931,부산,주식회사 아미스트,부산대
4932,부산,주식회사 에이치티시스템즈,부산대
4933,부산,주식회사 엘랩,부산대
4934,부산,주식회사 오픈패스로보틱스,부산대
4935,부산,주식회사 유엔에스,부산대
4936,부산,주식회사 제이와이메디팜,부산대
4937,부산,주식회사 젠라이프,부산대
4938,부산,주식회사 채티스,부산대
4939,부산,주식회사 초코뮤직,부산대
4940,부산,주식회사 케이알첨단전자재료,부산대
4941,부산,주식회사 피앤유드론,부산대
4942,부산,주식회사 피엔유에드,부산대
4943,부산,주식회사 하이마,부산대
4944,부산,주식회사 한국건축구조연구원,부산대
4945,부산,주식회사더나랩,부산대
4946,부산,주식회사힘테크,부산대
4947,부산,토리전자,부산대
4948,부산,트루포인트,부산대
4949,부산,하이파워서플라이 주식회사,부산대
4950,부산,헤베덴트,부산대
4951,부산,(주)아이닉스,한국해양과학기술원
4952,부산,미리내 전자,한국해양과학기술원
4953,부산,주식회사 라라잇츠,한국해양과학기술원
4954,부산,주식회사 로고스웨어,한국해양과학기술원
4955,부산,주식회사 바이오테크서비스,한국해양과학기술원
4956,부산,한국해양과학기술원,한국해양과학기술원
4957,부산,한국해양생태블록주식회사,한국해양과학기술원
4958,부산,(주)리벤씨,한국 해양대
4959,부산,(주)마리노비앤씨,한국 해양대
4960,부산,(주)볼시스,한국 해양대
4961,부산,(주)오리엔탈테크,한국 해양대
4962,부산,(주)오션엠파워,한국 해양대
4963,부산,(주)와이시스랩,한국 해양대
4964,부산,(주)웨이커스,한국 해양대
4965,부산,(주)조윤산업,한국 해양대
4966,부산,(주)콘크리트피더블유,한국 해양대
4967,부산,마린엔지오,한국 해양대
4968,부산,맑은공간대호 주식회사,한국 해양대
4969,부산,매일세라켐(주),한국 해양대
4970,부산,바이저,한국 해양대
4971,부산,엔팩에스앤지,한국 해양대
4972,부산,이에스티링크,한국 해양대
4973,부산,주식회사 브이엠에스홀딩스,한국 해양대
4974,부산,주식회사 언더워터솔루션,한국 해양대
4975,부산,주식회사 에코볼타,한국 해양대
4976,부산,주식회사 테렌즈랩스,한국 해양대
4977,부산,주식회사 파이시스소프트,한국 해양대
4978,부산,주식회사 해양드론기술,한국 해양대
4979,부산,케이마린서플라이,한국 해양대
4980,부산,키퍼아이 주식회사,한국 해양대
4981,부산,타스(TASS),한국 해양대
4982,부산,티맨,한국 해양대
4983,부산,티엠에스꼬레아주식회사,한국 해양대
4984,부산,프리원(주),한국 해양대
4985,부산,한국해양공간주거 주식회사,한국 해양대
4986,전북,(유)대성하이텍,완주 테크노벨리 (1단계)
4987,전북,(유)더원산업,완주 테크노벨리 (1단계)
4988,전북,(유)아성플러스,완주 테크노벨리 (1단계)
4989,전북,(유)에이플러스건설,완주 테크노벨리 (1단계)
4990,전북,(유)와이엔에스,완주 테크노벨리 (1단계)
4991,전북,(유)원테크,완주 테크노벨리 (1단계)
4992,전북,(유)이씨엠알,완주 테크노벨리 (1단계)
4993,전북,(유)재삼물류,완주 테크노벨리 (1단계)
4994,전북,(유)제일금속,완주 테크노벨리 (1단계)
4995,전북,(유)지간,완주 테크노벨리 (1단계)
4996,전북,(유)한국건축에너지기술원,완주 테크노벨리 (1단계)
4997,전북,(유)한풍제약,완주 테크노벨리 (1단계)
4998,전북,(재)자동차융합기술원,완주 테크노벨리 (1단계)
4999,전북,(주)골드밴,완주 테크노벨리 (1단계)
5000,전북,(주)기전금형전북지점,완주 테크노벨리 (1단계)
5001,전북,(주)길승산업,완주 테크노벨리 (1단계)
5002,전북,(주)나인텍,완주 테크노벨리 (1단계)
5003,전북,(주)뉴텍,완주 테크노벨리 (1단계)
5004,전북,(주)다인스,완주 테크노벨리 (1단계)
5005,전북,(주)다한산업,완주 테크노벨리 (1단계)
5006,전북,(주)대덕아이엠티 완주지점,완주 테크노벨리 (1단계)
5007,전북,(주)대동철강,완주 테크노벨리 (1단계)
5008,전북,(주)대동철강,완주 테크노벨리 (1단계)
5009,전북,(주)대보엔지니어링,완주 테크노벨리 (1단계)
5010,전북,(주)대성디에스아이,완주 테크노벨리 (1단계)
5011,전북,(주)대현,완주 테크노벨리 (1단계)
5012,전북,(주)동의테크,완주 테크노벨리 (1단계)
5013,전북,(주)레나,완주 테크노벨리 (1단계)
5014,전북,(주)레나인터내셔널,완주 테크노벨리 (1단계)
5015,전북,(주)뷰텍모터스,완주 테크노벨리 (1단계)
5016,전북,(주)서영전주공장,완주 테크노벨리 (1단계)
5017,전북,(주)수인테크,완주 테크노벨리 (1단계)
5018,전북,(주)승본산업,완주 테크노벨리 (1단계)
5019,전북,(주)시지트로닉스,완주 테크노벨리 (1단계)
5020,전북,(주)아이씨엠씨 3공장,완주 테크노벨리 (1단계)
5021,전북,(주)아헤스,완주 테크노벨리 (1단계)
5022,전북,(주)에스모터스,완주 테크노벨리 (1단계)
5023,전북,(주)에스엠엔테크,완주 테크노벨리 (1단계)
5024,전북,(주)에스엠텍,완주 테크노벨리 (1단계)
5025,전북,(주)에스이엔,완주 테크노벨리 (1단계)
5026,전북,(주)에이스터보,완주 테크노벨리 (1단계)
5027,전북,(주)에이치엔엠이엔지,완주 테크노벨리 (1단계)
5028,전북,(주)에코넥스온,완주 테크노벨리 (1단계)
5029,전북,(주)영산글로넷,완주 테크노벨리 (1단계)
5030,전북,(주)영산글로넷,완주 테크노벨리 (1단계)
5031,전북,(주)와이에이치 에스앤티,완주 테크노벨리 (1단계)
5032,전북,(주)원진알미늄,완주 테크노벨리 (1단계)
5033,전북,(주)인,완주 테크노벨리 (1단계)
5034,전북,(주)인익스,완주 테크노벨리 (1단계)
5035,전북,(주)전주특강,완주 테크노벨리 (1단계)
5036,전북,(주)제이아이삼삼공,완주 테크노벨리 (1단계)
5037,전북,(주)지지피3,완주 테크노벨리 (1단계)
5038,전북,(주)케이아이티,완주 테크노벨리 (1단계)
5039,전북,(주)케이이테크,완주 테크노벨리 (1단계)
5040,전북,(주)타라코리아,완주 테크노벨리 (1단계)
5041,전북,(주)탑솔,완주 테크노벨리 (1단계)
5042,전북,(주)테크노그린,완주 테크노벨리 (1단계)
5043,전북,(주)티엔에스산업,완주 테크노벨리 (1단계)
5044,전북,(주)하나정밀,완주 테크노벨리 (1단계)
5045,전북,(주)하이엘,완주 테크노벨리 (1단계)
5046,전북,(주)한원,완주 테크노벨리 (1단계)
5047,전북,(주)한율에너지,완주 테크노벨리 (1단계)
5048,전북,(주)한풍네이처팜,완주 테크노벨리 (1단계)
5049,전북,(주)한호기술,완주 테크노벨리 (1단계)
5050,전북,(주)현대기공,완주 테크노벨리 (1단계)
5051,전북,(주)후성,완주 테크노벨리 (1단계)
5052,전북,LS엠트론,완주 테크노벨리 (1단계)
5053,전북,길보산업,완주 테크노벨리 (1단계)
5054,전북,남원철망휀스,완주 테크노벨리 (1단계)
5055,전북,다산기공(주),완주 테크노벨리 (1단계)
5056,전북,대호금속,완주 테크노벨리 (1단계)
5057,전북,더원,완주 테크노벨리 (1단계)
5058,전북,동해금속주식회사,완주 테크노벨리 (1단계)
5059,전북,동해테크,완주 테크노벨리 (1단계)
5060,전북,두성정밀,완주 테크노벨리 (1단계)
5061,전북,메타컴포지트,완주 테크노벨리 (1단계)
5062,전북,서전철강산업,완주 테크노벨리 (1단계)
5063,전북,성우이엔지,완주 테크노벨리 (1단계)
5064,전북,세전테크,완주 테크노벨리 (1단계)
5065,전북,세전테크(주),완주 테크노벨리 (1단계)
5066,전북,신우산업주식회사,완주 테크노벨리 (1단계)
5067,전북,씨이에스(주),완주 테크노벨리 (1단계)
5068,전북,아시아,완주 테크노벨리 (1단계)
5069,전북,에스엔에이테크,완주 테크노벨리 (1단계)
5070,전북,에이치에스엘(주) 전주물류센터,완주 테크노벨리 (1단계)
5071,전북,유한회사 거성,완주 테크노벨리 (1단계)
5072,전북,유한회사 두리,완주 테크노벨리 (1단계)
5073,전북,유한회사 보광산업,완주 테크노벨리 (1단계)
5074,전북,유한회사 시에스엘,완주 테크노벨리 (1단계)
5075,전북,유한회사 시엘피,완주 테크노벨리 (1단계)
5076,전북,유한회사 티아이에스,완주 테크노벨리 (1단계)
5077,전북,유한회사 티에스씨솔라3호,완주 테크노벨리 (1단계)
5078,전북,유한회사 티에스씨솔라6호,완주 테크노벨리 (1단계)
5079,전북,율천공업(주),완주 테크노벨리 (1단계)
5080,전북,이엠테크,완주 테크노벨리 (1단계)
5081,전북,임병철1-5호태양광발전소,완주 테크노벨리 (1단계)
5082,전북,장구리물류,완주 테크노벨리 (1단계)
5083,전북,전북지리산낙농농협,완주 테크노벨리 (1단계)
5084,전북,전주미래특장,완주 테크노벨리 (1단계)
5085,전북,전주연마,완주 테크노벨리 (1단계)
5086,전북,정우정공주식회사,완주 테크노벨리 (1단계)
5087,전북,정우특장차(주),완주 테크노벨리 (1단계)
5088,전북,주식회사 그린솔라에너지,완주 테크노벨리 (1단계)
5089,전북,주식회사 디딤돌,완주 테크노벨리 (1단계)
5090,전북,주식회사 디앤티,완주 테크노벨리 (1단계)
5091,전북,주식회사 디엠,완주 테크노벨리 (1단계)
5092,전북,주식회사 미보기아,완주 테크노벨리 (1단계)
5093,전북,주식회사 쓰리축코리아,완주 테크노벨리 (1단계)
5094,전북,주식회사 엘앤티,완주 테크노벨리 (1단계)
5095,전북,주식회사 인에코,완주 테크노벨리 (1단계)
5096,전북,주식회사 투윈테크,완주 테크노벨리 (1단계)
5097,전북,주식회사 필름나라,완주 테크노벨리 (1단계)
5098,전북,주식회사 홍석,완주 테크노벨리 (1단계)
5099,전북,주식회사에스엠이엔지,완주 테크노벨리 (1단계)
5100,전북,주식회사엘리트산업,완주 테크노벨리 (1단계)
5101,전북,주현테크(주),완주 테크노벨리 (1단계)
5102,전북,코비코테크(주),완주 테크노벨리 (1단계)
5103,전북,코웨이엔텍(주),완주 테크노벨리 (1단계)
5104,전북,티엘태양광발전소 주식회사,완주 테크노벨리 (1단계)
5105,전북,티케이레이져(주),완주 테크노벨리 (1단계)
5106,전북,한국그린에너지(주),완주 테크노벨리 (1단계)
5107,전북,한국동서발전(주),완주 테크노벨리 (1단계)
5108,전북,한국엔지니어링,완주 테크노벨리 (1단계)
5109,전북,한림기술(주),완주 테크노벨리 (1단계)
5110,전북,한원 태양광 발전소,완주 테크노벨리 (1단계)
5111,전북,한원9호 태양광 발전소,완주 테크노벨리 (1단계)
5112,전북,현대글로비스,완주 테크노벨리 (1단계)
5113,전북,(주)미라클랩,우석대학교
5114,전북,(주)벳블러드코리아,우석대학교
5115,전북,(주)빵앗간며느리,우석대학교
5116,전북,(주)에스앤유피,우석대학교
5117,전북,(주)지안산업,우석대학교
5118,전북,(주)케이제이테크,우석대학교
5119,전북,더블유에스유태양광1호 주식회사,우석대학교
5120,전북,더블유에스유태양광2호 주식회사,우석대학교
5121,전북,더블유에스유태양광3호 주식회사,우석대학교
5122,전북,더블유에스유태양광4호 주식회사,우석대학교
5123,전북,씨디케이,우석대학교
5124,전북,주식회사 누리팜,우석대학교
5125,전북,주식회사 라파메디랩,우석대학교
5126,전북,주식회사 로니랩,우석대학교
5127,전북,주식회사주만금,우석대학교
5128,전북,(유)서진푸드시스템,장동연구시설
5129,전북,(유)제이엘브리지,장동연구시설
5130,전북,(주)바실로바이오,장동연구시설
5131,전북,(주)바이오썸,장동연구시설
5132,전북,(주)서로바이오,장동연구시설
5133,전북,(주)선한바이오,장동연구시설
5134,전북,(주)앤코스메슈,장동연구시설
5135,전북,(주)에프엘컴퍼니,장동연구시설
5136,전북,(주)크레마테크,장동연구시설
5137,전북,(주)헬스바이옴,장동연구시설
5138,전북,(주)화윤설,장동연구시설
5139,전북,나래 농업회사법인 주식회사,장동연구시설
5140,전북,농업회사법인 주식회사 푸드네이처,장동연구시설
5141,전북,농업회사법인(유)자연이래,장동연구시설
5142,전북,농업회사법인(주)바이오엔진,장동연구시설
5143,전북,반다크브라운,장동연구시설
5144,전북,유한회사 다락에프앤비,장동연구시설
5145,전북,인현4차산업유한책임회사,장동연구시설
5146,전북,주식회사 비오바이오,장동연구시설
5147,전북,주식회사 아그로셀,장동연구시설
5148,전북,주식회사 하일럿코리아,장동연구시설
5149,전북,플랜트인텔리전스디벨롭먼트코리아,장동연구시설
5150,전북,국립식량과학원,전라북도 혁신도시
5151,전북,국립원예특작과학원,전라북도 혁신도시
5152,전북,농업회사법인 (주)파이토리서치,전라북도 혁신도시
5153,전북,농촌진흥청 국립농업과학원,전라북도 혁신도시
5154,전북,(주)나인랩스코리아,전북대학교
5155,전북,(주)바이오드,전북대학교
5156,전북,(주)에스엔플러스,전북대학교
5157,전북,(주)제이와이바이오,전북대학교
5158,전북,(주)카보넥스,전북대학교
5159,전북,(주)쿨베어스,전북대학교
5160,전북,(주)헤어피아테크놀로지,전북대학교
5161,전북,(주)홈랜드솔루션,전북대학교
5162,전북,ALGOS,전북대학교
5163,전북,전북대학교,전북대학교
5164,전북,주식회사 디지털케어,전북대학교
5165,전북,주식회사 엘오티아이,전북대학교
5166,전북,주식회사도시농부,전북대학교
5167,전북,(유)포장스토리이룸,전주대학교
5168,전북,(주)더블유엠어시,전주대학교
5169,전북,(주)셀코,전주대학교
5170,전북,(주)식중독실험기자재개발연구소,전주대학교
5171,전북,(주)아이디어마을,전주대학교
5172,전북,(주)아이트,전주대학교
5173,전북,(주)아토큐앤에이,전주대학교
5174,전북,(주)와우시스템,전주대학교
5175,전북,(주)크레드,전주대학교
5176,전북,(주)퓨리센,전주대학교
5177,전북,(주)호트코퍼레이션,전주대학교
5178,전북,국민바이오(주),전주대학교
5179,전북,다른오름농업회사법인(주),전주대학교
5180,전북,더블유엠어시,전주대학교
5181,전북,에이파워(주),전주대학교
5182,전북,유한회사 한스트링인,전주대학교
5183,전북,유한회사하이존바이오,전주대학교
5184,전북,전주대학교,전주대학교
5185,전북,주식회사 다카포,전주대학교
5186,전북,주식회사 에이제트피,전주대학교
5187,전북,주식회사 타이탄,전주대학교
5188,전북,주식회사 탄탄텍,전주대학교
5189,전북,주식회사 프로세이프바이오,전주대학교
5190,전북,주식회사소더코드,전주대학교
5191,전북,케이에이티알사이언스 주식회사,전주대학교
5192,전북,크레보(CREVO),전주대학교
5193,전북,(사)캠틱종합기술원,전주첨단벤처단지
5194,전북,(주) 제로나인 메트리얼,전주첨단벤처단지
5195,전북,(주)랜드로드,전주첨단벤처단지
5196,전북,(주)비아,전주첨단벤처단지
5197,전북,(주)센소프트,전주첨단벤처단지
5198,전북,(주)에이에스케이,전주첨단벤처단지
5199,전북,(주)와이슈퍼브,전주첨단벤처단지
5200,전북,(주)이큐브머티리얼즈,전주첨단벤처단지
5201,전북,(주)팔복인더스트리,전주첨단벤처단지
5202,전북,(주)플라스바이오,전주첨단벤처단지
5203,전북,(주)한국에너지기술단,전주첨단벤처단지
5204,전북,나래기술,전주첨단벤처단지
5205,전북,달슨,전주첨단벤처단지
5206,전북,드림드림 주식회사,전주첨단벤처단지
5207,전북,서우엠에스(주),전주첨단벤처단지
5208,전북,유한회사 엘로시스템,전주첨단벤처단지
5209,전북,주식회사 디클래스,전주첨단벤처단지
5210,전북,주식회사 맨든,전주첨단벤처단지
5211,전북,주식회사 바로텍시너지,전주첨단벤처단지
5212,전북,주식회사 씨디엘,전주첨단벤처단지
5213,전북,주식회사 애드아임,전주첨단벤처단지
5214,전북,주식회사 엠프로스,전주첨단벤처단지
5215,전북,주식회사 위스,전주첨단벤처단지
5216,전북,주식회사 지티에이에어로스페이스,전주첨단벤처단지
5217,전북,주식회사에이엔에이치시스템즈,전주첨단벤처단지
5218,전북,티마텍 주식회사,전주첨단벤처단지
5219,전북,(유)미래글로벌SPC,정읍첨단과학산업단지
5220,전북,(유)줌바이오텍,정읍첨단과학산업단지
5221,전북,(유)한승하이테크,정읍첨단과학산업단지
5222,전북,(주)대희정밀,정읍첨단과학산업단지
5223,전북,(주)라비,정읍첨단과학산업단지
5224,전북,(주)삼영유니텍,정읍첨단과학산업단지
5225,전북,(주)쓰리에이씨,정읍첨단과학산업단지
5226,전북,(주)안정개발,정읍첨단과학산업단지
5227,전북,(주)에코비즈넷,정읍첨단과학산업단지
5228,전북,(주)엘아이비에너지,정읍첨단과학산업단지
5229,전북,(주)예나,정읍첨단과학산업단지
5230,전북,(주)은상전력,정읍첨단과학산업단지
5231,전북,(주)정농바이오,정읍첨단과학산업단지
5232,전북,(주)지에이치피,정읍첨단과학산업단지
5233,전북,(주)케어사이드,정읍첨단과학산업단지
5234,전북,(주)해븐코리아,정읍첨단과학산업단지
5235,전북,나무숨 주식회사,정읍첨단과학산업단지
5236,전북,더블유9호 태양광,정읍첨단과학산업단지
5237,전북,바이오텐(주),정읍첨단과학산업단지
5238,전북,씨티솔라에너지(주),정읍첨단과학산업단지
5239,전북,아주산업,정읍첨단과학산업단지
5240,전북,에스아이피산업주식회사,정읍첨단과학산업단지
5241,전북,에스케이씨유한회사,정읍첨단과학산업단지
5242,전북,엔피케이(주),정읍첨단과학산업단지
5243,전북,유한회사 청암갤러리,정읍첨단과학산업단지
5244,전북,이원컴포텍(주),정읍첨단과학산업단지
5245,전북,인버터기술(주),정읍첨단과학산업단지
5246,전북,재단법인 농축산용미생물산업육성지원센터,정읍첨단과학산업단지
5247,전북,주식회사 명성,정읍첨단과학산업단지
5248,전북,주식회사 스마트나노,정읍첨단과학산업단지
5249,전북,주식회사 썬웨이브,정읍첨단과학산업단지
5250,전북,주식회사 아주산업,정읍첨단과학산업단지
5251,전북,주식회사 아코펀키코리아,정읍첨단과학산업단지
5252,전북,주식회사 우진이엔에스,정읍첨단과학산업단지
5253,전북,주식회사 잰153바이오텍,정읍첨단과학산업단지
5254,전북,주식회사 지케이에이치,정읍첨단과학산업단지
5255,전북,주식회사 지케이티,정읍첨단과학산업단지
5256,전북,주식회사 현대에너지,정읍첨단과학산업단지
5257,전북,주식회사미래솔라텍,정읍첨단과학산업단지
5258,전북,주식회사세라잔첨단소재,정읍첨단과학산업단지
5259,전북,지에이치피,정읍첨단과학산업단지
5260,전북,피에스비바이오(주),정읍첨단과학산업단지
5261,전북,한국전기안전공사,정읍첨단과학산업단지
5262,전북,한우아이엘,정읍첨단과학산업단지
5263,전북,한우아이엘,정읍첨단과학산업단지
5264,전북,(유)로지스진,첨단과학연구단지
5265,전북,(유)블루테크,첨단과학연구단지
5266,전북,(유)비알엠,첨단과학연구단지
5267,전북,(유)성경엔지니어링,첨단과학연구단지
5268,전북,(유)씨피전자,첨단과학연구단지
5269,전북,(유)진로지스틱,첨단과학연구단지
5270,전북,(유)한빛테크,첨단과학연구단지
5271,전북,(유)현진물류,첨단과학연구단지
5272,전북,(재)전북테크노파크,첨단과학연구단지
5273,전북,(주)가나엔지니어링,첨단과학연구단지
5274,전북,(주)가온셀,첨단과학연구단지
5275,전북,(주)경안테크,첨단과학연구단지
5276,전북,(주)그레잇타임,첨단과학연구단지
5277,전북,(주)끄레아레,첨단과학연구단지
5278,전북,(주)남광이앤씨,첨단과학연구단지
5279,전북,(주)네온테크,첨단과학연구단지
5280,전북,(주)다이나믹인더스트리,첨단과학연구단지
5281,전북,(주)대진정공,첨단과학연구단지
5282,전북,(주)더블유티피에스,첨단과학연구단지
5283,전북,(주)데카머티리얼,첨단과학연구단지
5284,전북,(주)동명기계,첨단과학연구단지
5285,전북,(주)동양정공,첨단과학연구단지
5286,전북,(주)벤투스,첨단과학연구단지
5287,전북,(주)벨로스타,첨단과학연구단지
5288,전북,(주)보성알앤디,첨단과학연구단지
5289,전북,(주)브릿지,첨단과학연구단지
5290,전북,(주)비에스코렘,첨단과학연구단지
5291,전북,(주)비지에프푸드,첨단과학연구단지
5292,전북,(주)삼영메탈,첨단과학연구단지
5293,전북,(주)삼진정공,첨단과학연구단지
5294,전북,(주)서인디앤피,첨단과학연구단지
5295,전북,(주)성경,첨단과학연구단지
5296,전북,(주)성원티아이씨,첨단과학연구단지
5297,전북,(주)세진공업 ,첨단과학연구단지
5298,전북,(주)솔라파크수상부력체,첨단과학연구단지
5299,전북,(주)솔라파크코리아,첨단과학연구단지
5300,전북,(주)수테크놀로지,첨단과학연구단지
5301,전북,(주)스페이스센싱,첨단과학연구단지
5302,전북,(주)신창정공,첨단과학연구단지
5303,전북,(주)썬로드테크,첨단과학연구단지
5304,전북,(주)아이샵,첨단과학연구단지
5305,전북,(주)아이에스티,첨단과학연구단지
5306,전북,(주)아이엠,첨단과학연구단지
5307,전북,(주)알에프세미,첨단과학연구단지
5308,전북,(주)알에프세미엘이디라이트,첨단과학연구단지
5309,전북,(주)알트론전주,첨단과학연구단지
5310,전북,(주)에스앤에프 시스템,첨단과학연구단지
5311,전북,(주)에스엠특장,첨단과학연구단지
5312,전북,(주)에스와이에스리테일,첨단과학연구단지
5313,전북,(주)에이치티솔라,첨단과학연구단지
5314,전북,(주)온컴퍼니,첨단과학연구단지
5315,전북,(주)와이에이치에스앤티,첨단과학연구단지
5316,전북,(주)우노앤컴퍼니,첨단과학연구단지
5317,전북,(주)우신라보타치,첨단과학연구단지
5318,전북,(주)원진에코텍,첨단과학연구단지
5319,전북,(주)원효,첨단과학연구단지
5320,전북,(주)웨이투메이크,첨단과학연구단지
5321,전북,(주)은덕중공업탄탄,첨단과학연구단지
5322,전북,(주)이루프케미칼,첨단과학연구단지
5323,전북,(주)이마인드,첨단과학연구단지
5324,전북,(주)이지스FSD,첨단과학연구단지
5325,전북,(주)인데버랩,첨단과학연구단지
5326,전북,(주)일진이플러스,첨단과학연구단지
5327,전북,(주)좋은테크,첨단과학연구단지
5328,전북,(주)지니스,첨단과학연구단지
5329,전북,(주)지비피,첨단과학연구단지
5330,전북,(주)카본머티리얼,첨단과학연구단지
5331,전북,(주)칼스,첨단과학연구단지
5332,전북,(주)케이앤씨,첨단과학연구단지
5333,전북,(주)케이에이치티,첨단과학연구단지
5334,전북,(주)코일마스터,첨단과학연구단지
5335,전북,(주)테크원이엔지,첨단과학연구단지
5336,전북,(주)폴리켐코리아,첨단과학연구단지
5337,전북,(주)푸른엔텍,첨단과학연구단지
5338,전북,(주)해담이엔지,첨단과학연구단지
5339,전북,(주)현성사,첨단과학연구단지
5340,전북,(주)호원정공,첨단과학연구단지
5341,전북,(주)호이스트코리아,첨단과학연구단지
5342,전북,(주)흥진금속,첨단과학연구단지
5343,전북,광주윈테크(주),첨단과학연구단지
5344,전북,나들이(주),첨단과학연구단지
5345,전북,농업회사법인 주식회사 그린로드,첨단과학연구단지
5346,전북,대륜산업(주),첨단과학연구단지
5347,전북,대림씨앤씨주식회사,첨단과학연구단지
5348,전북,대성산업,첨단과학연구단지
5349,전북,대주오토텍 주식회사,첨단과학연구단지
5350,전북,대주코레스(주),첨단과학연구단지
5351,전북,대진정밀,첨단과학연구단지
5352,전북,대한바이오팜(주),첨단과학연구단지
5353,전북,동주태양광발전소,첨단과학연구단지
5354,전북,디에스앤피플(주),첨단과학연구단지
5355,전북,럭스피아(주),첨단과학연구단지
5356,전북,메딕스제약(주),첨단과학연구단지
5357,전북,미스터마인드 주식회사,첨단과학연구단지
5358,전북,미원상사 주식회사,첨단과학연구단지
5359,전북,바이오플러스,첨단과학연구단지
5360,전북,바트텍,첨단과학연구단지
5361,전북,반석이엔지(주)완주지점,첨단과학연구단지
5362,전북,비티정밀,첨단과학연구단지
5363,전북,삼동허브(주),첨단과학연구단지
5364,전북,삼호정밀,첨단과학연구단지
5365,전북,삼환전기(유),첨단과학연구단지
5366,전북,서천산업(주),첨단과학연구단지
5367,전북,서해테크(주),첨단과학연구단지
5368,전북,성경태양광발전소,첨단과학연구단지
5369,전북,성협공업(주),첨단과학연구단지
5370,전북,소망에너지발전소,첨단과학연구단지
5371,전북,실크로,첨단과학연구단지
5372,전북,썸앤쌈영농조합법인,첨단과학연구단지
5373,전북,씨엔씨티쏠라넷에이치원 주식회사,첨단과학연구단지
5374,전북,씨케이엑소젠,첨단과학연구단지
5375,전북,씨피에스 주식회사,첨단과학연구단지
5376,전북,아데카코리아(주),첨단과학연구단지
5377,전북,아이디온,첨단과학연구단지
5378,전북,알에스티,첨단과학연구단지
5379,전북,에너에버 배터리 솔루션,첨단과학연구단지
5380,전북,에스에스바이오팜,첨단과학연구단지
5381,전북,에스제이엠닉스,첨단과학연구단지
5382,전북,에스피테크(유),첨단과학연구단지
5383,전북,에이치디씨아이콘트롤스(주),첨단과학연구단지
5384,전북,에이치비칠호 주식회사,첨단과학연구단지
5385,전북,영동기업,첨단과학연구단지
5386,전북,영동기업태양광발전소,첨단과학연구단지
5387,전북,오디텍,첨단과학연구단지
5388,전북,우석대학교산학협력단,첨단과학연구단지
5389,전북,유한회사 남신하이텍,첨단과학연구단지
5390,전북,유한회사 오성그룹,첨단과학연구단지
5391,전북,유한회사 제이피테크,첨단과학연구단지
5392,전북,유한회사 주현코리아,첨단과학연구단지
5393,전북,유한회사 하나물류,첨단과학연구단지
5394,전북,유한회사인성기업,첨단과학연구단지
5395,전북,이룸정보통신(유),첨단과학연구단지
5396,전북,이엠티(E.M.T),첨단과학연구단지
5397,전북,일진정공 주식회사,첨단과학연구단지
5398,전북,일진하이솔루스(주),첨단과학연구단지
5399,전북,제이테크,첨단과학연구단지
5400,전북,주식회사 갤럭시아테크,첨단과학연구단지
5401,전북,주식회사 남광스틸,첨단과학연구단지
5402,전북,주식회사 뉴아심,첨단과학연구단지
5403,전북,주식회사 뉴아이정보,첨단과학연구단지
5404,전북,주식회사 디에스,첨단과학연구단지
5405,전북,주식회사 디에이치오토리드,첨단과학연구단지
5406,전북,주식회사 린드,첨단과학연구단지
5407,전북,주식회사 모멘트,첨단과학연구단지
5408,전북,주식회사 문화기업,첨단과학연구단지
5409,전북,주식회사 삼아엠티,첨단과학연구단지
5410,전북,주식회사 세신테크,첨단과학연구단지
5411,전북,주식회사 수한이엔지,첨단과학연구단지
5412,전북,주식회사 아이엠이앤씨,첨단과학연구단지
5413,전북,주식회사 에너지11,첨단과학연구단지
5414,전북,주식회사 에이이에스텍,첨단과학연구단지
5415,전북,주식회사 엘티와이,첨단과학연구단지
5416,전북,주식회사 은산,첨단과학연구단지
5417,전북,주식회사 주원산업,첨단과학연구단지
5418,전북,주식회사 프리모바이오텍,첨단과학연구단지
5419,전북,주식회사대유합금,첨단과학연구단지
5420,전북,주식회사더블유에스,첨단과학연구단지
5421,전북,주식회사아이엘,첨단과학연구단지
5422,전북,주식회사엘림엘이디조명,첨단과학연구단지
5423,전북,주원산업,첨단과학연구단지
5424,전북,지엠테크,첨단과학연구단지
5425,전북,지엠테크주식회사,첨단과학연구단지
5426,전북,지티에이치알한국 유한회사,첨단과학연구단지
5427,전북,진영사랑1호태양광발전소,첨단과학연구단지
5428,전북,진흥발전소,첨단과학연구단지
5429,전북,케이엠(KM)테크,첨단과학연구단지
5430,전북,케이인더스,첨단과학연구단지
5431,전북,켑코솔라주식회사,첨단과학연구단지
5432,전북,콘티테크플루이드코리아(유),첨단과학연구단지
5433,전북,쿠팡로지스틱스서비스 유한회사,첨단과학연구단지
5434,전북,태창기업(주),첨단과학연구단지
5435,전북,핀아이원,첨단과학연구단지
5436,전북,하이로지스(주),첨단과학연구단지
5437,전북,하이즈복합재산업주식회사,첨단과학연구단지
5438,전북,한국무브넥스 주식회사,첨단과학연구단지
5439,전북,한국자산관리공사,첨단과학연구단지
5440,전북,한국차체(주),첨단과학연구단지
5441,전북,한국프라임제약(주),첨단과학연구단지
5442,전북,현대리뉴어블랩,첨단과학연구단지
5443,전북,현대무벡스 주식회사,첨단과학연구단지
5444,전북,희망에너지발전소,첨단과학연구단지
5445,전북,(유)경신모터스,친환경복합산업단지
5446,전북,(유)디앤씨,친환경복합산업단지
5447,전북,(재)한국건설생활환경시험연구원 전북,친환경복합산업단지
5448,전북,(재)한국탄소산업진흥원,친환경복합산업단지
5449,전북,(주)고은푸드,친환경복합산업단지
5450,전북,(주)그룬,친환경복합산업단지
5451,전북,(주)네프,친환경복합산업단지
5452,전북,(주)뉴트리쎌,친환경복합산업단지
5453,전북,(주)대한전공,친환경복합산업단지
5454,전북,(주)덕진신소재,친환경복합산업단지
5455,전북,(주)데크위텍,친환경복합산업단지
5456,전북,(주)데크카본,친환경복합산업단지
5457,전북,(주)데크프리폼,친환경복합산업단지
5458,전북,(주)바이오램프,친환경복합산업단지
5459,전북,(주)밥스씨앤아이,친환경복합산업단지
5460,전북,(주)비에스엠신소재,친환경복합산업단지
5461,전북,(주)쓰리제이,친환경복합산업단지
5462,전북,(주)아이스퀘어드엠,친환경복합산업단지
5463,전북,(주)아이에스피,친환경복합산업단지
5464,전북,(주)아이즈텍,친환경복합산업단지
5465,전북,(주)알앤비테크놀로지,친환경복합산업단지
5466,전북,(주)에스엠전자 ,친환경복합산업단지
5467,전북,(주)에이에프에프씨,친환경복합산업단지
5468,전북,(주)엘티씨,친환경복합산업단지
5469,전북,(주)엘티에스,친환경복합산업단지
5470,전북,(주)올릭스,친환경복합산업단지
5471,전북,(주)옵토웰,친환경복합산업단지
5472,전북,(주)우신세이프티시스템,친환경복합산업단지
5473,전북,(주)지에이티,친환경복합산업단지
5474,전북,(주)지오레이저,친환경복합산업단지
5475,전북,(주)케비젠,친환경복합산업단지
5476,전북,(주)케이지에프,친환경복합산업단지
5477,전북,(주)티엠시비앤티,친환경복합산업단지
5478,전북,(주)하늘항공,친환경복합산업단지
5479,전북,근영하이테크,친환경복합산업단지
5480,전북,농업회사법인 주식회사 우리푸디스,친환경복합산업단지
5481,전북,렉스젠(주),친환경복합산업단지
5482,전북,마스크상사,친환경복합산업단지
5483,전북,모던메탈,친환경복합산업단지
5484,전북,모던메탈 유한회사,친환경복합산업단지
5485,전북,베에프앤비주식회사,친환경복합산업단지
5486,전북,베테랑푸드,친환경복합산업단지
5487,전북,비나에프씨엠(주),친환경복합산업단지
5488,전북,비나텍(주),친환경복합산업단지
5489,전북,수테크,친환경복합산업단지
5490,전북,씨-크래프트,친환경복합산업단지
5491,전북,에이치에스효성첨단소재(주) 전주공장,친환경복합산업단지
5492,전북,올리브씨엔에스(주),친환경복합산업단지
5493,전북,유한회사 구륙,친환경복합산업단지
5494,전북,유한회사 베테랑,친환경복합산업단지
5495,전북,유한회사 하이하우징,친환경복합산업단지
5496,전북,유한회사근영하이테크,친환경복합산업단지
5497,전북,정헌ECC,친환경복합산업단지
5498,전북,제이씨케미칼(주),친환경복합산업단지
5499,전북,제일기계산업,친환경복합산업단지
5500,전북,조이큐브,친환경복합산업단지
5501,전북,주식회사 나들,친환경복합산업단지
5502,전북,주식회사 대경산전,친환경복합산업단지
5503,전북,주식회사 더원,친환경복합산업단지
5504,전북,주식회사 솔리드,친환경복합산업단지
5505,전북,주식회사 씨코어,친환경복합산업단지
5506,전북,주식회사 아이오이,친환경복합산업단지
5507,전북,주식회사 에이치지솔루션,친환경복합산업단지
5508,전북,주식회사 피아노,친환경복합산업단지
5509,전북,주식회사 하나중공업 전주지사,친환경복합산업단지
5510,전북,주식회사넥스트웨이브,친환경복합산업단지
5511,전북,주식회사카본엑트,친환경복합산업단지
5512,전북,지오1태양광발전소,친환경복합산업단지
5513,전북,지오레이저,친환경복합산업단지
5514,전북,카본플레이(주),친환경복합산업단지
5515,전북,한국에이씨엠,친환경복합산업단지
5516,전북,한일섬유,친환경복합산업단지
5517,전북,(주)마이크로자임,한국생명공학연구원
5518,전북,(주)솔붐,한국생명공학연구원
5519,전북,(주)아이엔지알,한국생명공학연구원
5520,전북,(주)에코바이옴,한국생명공학연구원
5521,전북,(주)와이앤바이오,한국생명공학연구원
5522,전북,보란파마,한국생명공학연구원
5523,전북,영록팜,한국생명공학연구원
5524,전북,유한회사 한터,한국생명공학연구원
5525,전북,주식회사 지엔비,한국생명공학연구원
5526,전북,주식회사 키움,한국생명공학연구원
5527,전북,(주)테라에코,한국원자력연구원
5528,전북,주식회사 더밸류,한국원자력연구원
5529,전북,주식회사 바이오메이신,한국원자력연구원
5530,전북,(유)광원농기계,도시첨단산업단지
5531,전북,(유)동방이노베이션,도시첨단산업단지
5532,전북,(유)클리어창,도시첨단산업단지
5533,전북,(주)가온우드,도시첨단산업단지
5534,전북,(주)나노솔루션,도시첨단산업단지
5535,전북,(주)나노전자,도시첨단산업단지
5536,전북,(주)다온정보기술,도시첨단산업단지
5537,전북,(주)더데움,도시첨단산업단지
5538,전북,(주)더모아나노,도시첨단산업단지
5539,전북,(주)두원글로벌,도시첨단산업단지
5540,전북,(주)디케이에코팜,도시첨단산업단지
5541,전북,(주)란스에이앤씨,도시첨단산업단지
5542,전북,(주)링크롤,도시첨단산업단지
5543,전북,(주)벤투스,도시첨단산업단지
5544,전북,(주)삼도환경,도시첨단산업단지
5545,전북,(주)서로바이오,도시첨단산업단지
5546,전북,(주)세스전북지점,도시첨단산업단지
5547,전북,(주)썬업,도시첨단산업단지
5548,전북,(주)씨비에이치,도시첨단산업단지
5549,전북,(주)아이오지,도시첨단산업단지
5550,전북,(주)에스티에스,도시첨단산업단지
5551,전북,(주)에코팜,도시첨단산업단지
5552,전북,(주)엔비오테크,도시첨단산업단지
5553,전북,(주)위에너지,도시첨단산업단지
5554,전북,(주)이도엔지니어링,도시첨단산업단지
5555,전북,(주)이텍코리아,도시첨단산업단지
5556,전북,(주)인디셀바이오,도시첨단산업단지
5557,전북,(주)진안당연구소,도시첨단산업단지
5558,전북,(주)첼로,도시첨단산업단지
5559,전북,(주)크리자인,도시첨단산업단지
5560,전북,(주)텔레컨스,도시첨단산업단지
5561,전북,(주)피앤엘세미,도시첨단산업단지
5562,전북,(주)피플러스,도시첨단산업단지
5563,전북,(주)하이엠시,도시첨단산업단지
5564,전북,(주)화이트라이팅,도시첨단산업단지
5565,전북,대성,도시첨단산업단지
5566,전북,맥소프트주식회사,도시첨단산업단지
5567,전북,비케이시 (BKC),도시첨단산업단지
5568,전북,비티텔레콤,도시첨단산업단지
5569,전북,솔라시도코리아(주),도시첨단산업단지
5570,전북,에이블 주식회사,도시첨단산업단지
5571,전북,유한회사 세미,도시첨단산업단지
5572,전북,젯트리프트 ,도시첨단산업단지
5573,전북,주식회사 디쏠,도시첨단산업단지
5574,전북,주식회사 모스터일렉,도시첨단산업단지
5575,전북,주식회사 바이오라인,도시첨단산업단지
5576,전북,주식회사 비케이솔루션,도시첨단산업단지
5577,전북,주식회사 에니에스,도시첨단산업단지
5578,전북,주식회사 에스에스엘,도시첨단산업단지
5579,전북,주식회사 에어랩,도시첨단산업단지
5580,전북,주식회사 엘립,도시첨단산업단지
5581,전북,주식회사 제우,도시첨단산업단지
5582,전북,주식회사 제이솔루션,도시첨단산업단지
5583,전북,주식회사 지알티,도시첨단산업단지
5584,전북,주식회사 트레시스,도시첨단산업단지
5585,전북,주식회사 하이솔,도시첨단산업단지
5586,전북,주식회사 해건,도시첨단산업단지
5587,전북,주식회사 힐월드,도시첨단산업단지
5588,전북,주식회사미래기술,도시첨단산업단지
5589,전북,주식회사세원플레이팅,도시첨단산업단지
5590,전북,주식회사오가넬,도시첨단산업단지
5591,전북,한국농업기술지주 주식회사,도시첨단산업단지
5592,전북,해창기술,도시첨단산업단지
5593,강소(경기안산),(주)디온에너지,R&D거점지구
5594,강소(경기안산),(주)미타운,R&D거점지구
5595,강소(경기안산),(주)스피치툴스,R&D거점지구
5596,강소(경기안산),(주)씨엘피솔루션,R&D거점지구
5597,강소(경기안산),(주)에어트러스트,R&D거점지구
5598,강소(경기안산),(주)에이로봇,R&D거점지구
5599,강소(경기안산),(주)이코모스,R&D거점지구
5600,강소(경기안산),(주)택트레이서,R&D거점지구
5601,강소(경기안산),(주)투비스마트,R&D거점지구
5602,강소(경기안산),(주)하이쓰리디,R&D거점지구
5603,강소(경기안산),(주)한양풍동실험연구소,R&D거점지구
5604,강소(경기안산),니드코리아,R&D거점지구
5605,강소(경기안산),닥터케이헬스케어 주식회사,R&D거점지구
5606,강소(경기안산),랜포랄,R&D거점지구
5607,강소(경기안산),린케어 주식회사,R&D거점지구
5608,강소(경기안산),명신전기,R&D거점지구
5609,강소(경기안산),아이디어플러스(주),R&D거점지구
5610,강소(경기안산),에스비에너지주식회사,R&D거점지구
5611,강소(경기안산),에프티에너지,R&D거점지구
5612,강소(경기안산),우성테크놀러지(주),R&D거점지구
5613,강소(경기안산),이앤드아이코리아 주식회사,R&D거점지구
5614,강소(경기안산),인테그리스코리아(주),R&D거점지구
5615,강소(경기안산),제이엔스마트(주),R&D거점지구
5616,강소(경기안산),주식회사 덴탈비전,R&D거점지구
5617,강소(경기안산),주식회사 도로,R&D거점지구
5618,강소(경기안산),주식회사 로드원,R&D거점지구
5619,강소(경기안산),주식회사 메타라인,R&D거점지구
5620,강소(경기안산),주식회사 모만,R&D거점지구
5621,강소(경기안산),주식회사 소노럭스헬스테크,R&D거점지구
5622,강소(경기안산),주식회사 어드밴스솔루션,R&D거점지구
5623,강소(경기안산),주식회사 에어크린,R&D거점지구
5624,강소(경기안산),주식회사 제타일렉,R&D거점지구
5625,강소(경기안산),주식회사 진영코퍼레이션,R&D거점지구
5626,강소(경기안산),주식회사 카카오,R&D거점지구
5627,강소(경기안산),주식회사 피아이앤이,R&D거점지구
5628,강소(경기안산),주식회사돔아일랜드,R&D거점지구
5629,강소(경기안산),주식회사이앤,R&D거점지구
5630,강소(경기안산),케이씨아이 주식회사,R&D거점지구
5631,강소(경기안산),한국재난안전개발원(주),R&D거점지구
5632,강소(경기안산),한국토지주택공사,R&D거점지구
5633,강소(경기안산),한양대학교,R&D거점지구
5634,강소(경기안산),(주)에스엔디파워닉스,사업화촉진지구
5635,강소(경기안산),(주)에스엠씨,사업화촉진지구
5636,강소(경기안산),(주)에스티씨안산,사업화촉진지구
5637,강소(경기안산),(주)에픽시스템즈,사업화촉진지구
5638,강소(경기안산),(주)플라이업,사업화촉진지구
5639,강소(경기안산),네스트필드(주),사업화촉진지구
5640,강소(경기안산),바이트론이앤에스,사업화촉진지구
5641,강소(경기안산),엘앤피테크,사업화촉진지구
5642,강소(경기안산),유버 주식회사,사업화촉진지구
5643,강소(경기안산),주식회사 다담에코,사업화촉진지구
5644,강소(경기안산),주식회사 세온에너지,사업화촉진지구
5645,강소(경기안산),주식회사 이엠앤아이,사업화촉진지구
5646,강소(경기안산),주식회사삼립전기엘이디,사업화촉진지구
5647,강소(경기안산),주식회사잉클,사업화촉진지구
5648,강소(경기안산),케이퓨전테크놀로지,사업화촉진지구
5649,강소(경기안산),하이소닉,사업화촉진지구
5650,강소(경남김해),(주)가교,R&D융합지구
5651,강소(경남김해),(주)뉴트리어드바이저,R&D융합지구
5652,강소(경남김해),(주)다림양행,R&D융합지구
5653,강소(경남김해),(주)디앤아이바이오,R&D융합지구
5654,강소(경남김해),(주)메디칼솔루션시스템,R&D융합지구
5655,강소(경남김해),(주)아이씨온,R&D융합지구
5656,강소(경남김해),(주)제이앤아이코퍼레이션,R&D융합지구
5657,강소(경남김해),(주)지에이치랩,R&D융합지구
5658,강소(경남김해),(주)파이토에코,R&D융합지구
5659,강소(경남김해),다다닥헬스케어,R&D융합지구
5660,강소(경남김해),다이아텍,R&D융합지구
5661,강소(경남김해),벨렌텍 주식회사,R&D융합지구
5662,강소(경남김해),애자일디노브,R&D융합지구
5663,강소(경남김해),주식회사 데크맨,R&D융합지구
5664,강소(경남김해),주식회사 디지케어,R&D융합지구
5665,강소(경남김해),주식회사 미뮨테라퓨틱스,R&D융합지구
5666,강소(경남김해),주식회사 비앤비솔루션,R&D융합지구
5667,강소(경남김해),주식회사 신풍산기,R&D융합지구
5668,강소(경남김해),주식회사 제이티엠씨앤에이치,R&D융합지구
5669,강소(경남김해),주식회사 피오메디컬,R&D융합지구
5670,강소(경남김해),주식회사신풍하이테크,R&D융합지구
5671,강소(경남김해),주식회사오투바이오,R&D융합지구
5672,강소(경남김해),케이아이바이오 주식회사,R&D융합지구
5673,강소(경남김해),코스바이오 주식회사,R&D융합지구
5674,강소(경남김해),코에볼루션,R&D융합지구
5675,강소(경남김해),테라프릭스,R&D융합지구
5676,강소(경남김해),티엠제이주식회사,R&D융합지구
5677,강소(경남김해),휴엔씨네이쳐,R&D융합지구
5678,강소(경남김해),(주)대륭에프.에이,고도화거점지구
5679,강소(경남김해),(주)대영시스템,고도화거점지구
5680,강소(경남김해),(주)대한아이테크,고도화거점지구
5681,강소(경남김해),(주)동성전기,고도화거점지구
5682,강소(경남김해),(주)리조인,고도화거점지구
5683,강소(경남김해),(주)보은전자,고도화거점지구
5684,강소(경남김해),(주)부마씨이,고도화거점지구
5685,강소(경남김해),(주)비에스엔지니어링,고도화거점지구
5686,강소(경남김해),(주)성원아이앤디 제2공장,고도화거점지구
5687,강소(경남김해),(주)성진에이테크,고도화거점지구
5688,강소(경남김해),(주)세원에스티,고도화거점지구
5689,강소(경남김해),(주)시공사,고도화거점지구
5690,강소(경남김해),(주)신원기공,고도화거점지구
5691,강소(경남김해),(주)씨엠텍,고도화거점지구
5692,강소(경남김해),(주)아스프기계항공,고도화거점지구
5693,강소(경남김해),(주)아이엠티에프에이,고도화거점지구
5694,강소(경남김해),(주)아이테크,고도화거점지구
5695,강소(경남김해),(주)애스앤애프,고도화거점지구
5696,강소(경남김해),(주)영케미칼,고도화거점지구
5697,강소(경남김해),(주)올텍,고도화거점지구
5698,강소(경남김해),(주)우성네이처,고도화거점지구
5699,강소(경남김해),(주)이룸,고도화거점지구
5700,강소(경남김해),(주)이지테크,고도화거점지구
5701,강소(경남김해),(주)이콘,고도화거점지구
5702,강소(경남김해),(주)일승산업,고도화거점지구
5703,강소(경남김해),(주)케이엠지,고도화거점지구
5704,강소(경남김해),(주)터머솔,고도화거점지구
5705,강소(경남김해),(주)한중플랜트,고도화거점지구
5706,강소(경남김해),(주)화영,고도화거점지구
5707,강소(경남김해),다미태양광발전소,고도화거점지구
5708,강소(경남김해),대세철강(주),고도화거점지구
5709,강소(경남김해),대호물류산업(주) 김해지점,고도화거점지구
5710,강소(경남김해),동진정공주식회사,고도화거점지구
5711,강소(경남김해),동화산업(주),고도화거점지구
5712,강소(경남김해),미진공압산기 주식회사,고도화거점지구
5713,강소(경남김해),반도기전(주),고도화거점지구
5714,강소(경남김해),벨고,고도화거점지구
5715,강소(경남김해),"보은1호,2호 태양광발전소",고도화거점지구
5716,강소(경남김해),부국정공,고도화거점지구
5717,강소(경남김해),새택,고도화거점지구
5718,강소(경남김해),성원정밀,고도화거점지구
5719,강소(경남김해),세인테크윈,고도화거점지구
5720,강소(경남김해),알이에스 주식회사,고도화거점지구
5721,강소(경남김해),에이덴 주식회사,고도화거점지구
5722,강소(경남김해),에이스(주),고도화거점지구
5723,강소(경남김해),에이치앤스틸(주),고도화거점지구
5724,강소(경남김해),예상,고도화거점지구
5725,강소(경남김해),우성금속공업사,고도화거점지구
5726,강소(경남김해),이성주식회사,고도화거점지구
5727,강소(경남김해),이에스테크,고도화거점지구
5728,강소(경남김해),이에스파워 태양광발전소,고도화거점지구
5729,강소(경남김해),재성정밀,고도화거점지구
5730,강소(경남김해),제로스,고도화거점지구
5731,강소(경남김해),제이앤티,고도화거점지구
5732,강소(경남김해),조은메디,고도화거점지구
5733,강소(경남김해),주식회사 남경테크윈,고도화거점지구
5734,강소(경남김해),주식회사 에이원테크놀로지,고도화거점지구
5735,강소(경남김해),주식회사 재성,고도화거점지구
5736,강소(경남김해),주식회사 포스,고도화거점지구
5737,강소(경남김해),주식회사 한국산전,고도화거점지구
5738,강소(경남김해),주식회사에스씨엘에너지,고도화거점지구
5739,강소(경남김해),주식회사케이아이로보텍,고도화거점지구
5740,강소(경남김해),주식회사한국파워테크,고도화거점지구
5741,강소(경남김해),태평양정기(주),고도화거점지구
5742,강소(경남김해),피앤피,고도화거점지구
5743,강소(경남김해),한국동서발전(주),고도화거점지구
5744,강소(경남김해),합성메데아주식회사,고도화거점지구
5745,강소(경남김해),현대건설중장비(주),고도화거점지구
5746,강소(경남김해),(주)도담바이오,기술사업화지구
5747,강소(경남김해),(주)디아이씨연구소,기술사업화지구
5748,강소(경남김해),(주)라파비,기술사업화지구
5749,강소(경남김해),(주)로즈메디컬,기술사업화지구
5750,강소(경남김해),(주)바이오액츠,기술사업화지구
5751,강소(경남김해),(주)세이브짚,기술사업화지구
5752,강소(경남김해),(주)우리웍스,기술사업화지구
5753,강소(경남김해),(주)제로에너지솔루션,기술사업화지구
5754,강소(경남김해),(주)제이케이몬,기술사업화지구
5755,강소(경남김해),(주)파이토알렉신,기술사업화지구
5756,강소(경남김해),(주)파인디엑스,기술사업화지구
5757,강소(경남김해),(주)헥사휴먼케어,기술사업화지구
5758,강소(경남김해),엑스피온,기술사업화지구
5759,강소(경남김해),엔투,기술사업화지구
5760,강소(경남김해),유로올,기술사업화지구
5761,강소(경남김해),이모티브,기술사업화지구
5762,강소(경남김해),제이앤킴,기술사업화지구
5763,강소(경남김해),주식회사 대산시스템,기술사업화지구
5764,강소(경남김해),주식회사 디디미,기술사업화지구
5765,강소(경남김해),주식회사 디알컴퍼니,기술사업화지구
5766,강소(경남김해),주식회사 바이오액츠비엠앤에스,기술사업화지구
5767,강소(경남김해),주식회사 스카이메디텍,기술사업화지구
5768,강소(경남김해),주식회사 심플리케어바이오,기술사업화지구
5769,강소(경남김해),주식회사 아이에스솔루션,기술사업화지구
5770,강소(경남김해),주식회사 에스티원,기술사업화지구
5771,강소(경남김해),주식회사 엠케이코리아,기술사업화지구
5772,강소(경남김해),주식회사 와이유,기술사업화지구
5773,강소(경남김해),주식회사 킥더허들,기술사업화지구
5774,강소(경남김해),주식회사 펜타스코리아,기술사업화지구
5775,강소(경남김해),주식회사 피오,기술사업화지구
5776,강소(경남김해),주식회사리아씨엔에프,기술사업화지구
5777,강소(경남김해),중앙안전,기술사업화지구
5778,강소(경남김해),크로스바이오연구소 주식회사,기술사업화지구
5779,강소(경남김해),하이텍시스템,기술사업화지구
5780,강소(경남진주),(주)소프트윙스,R&D융합지구
5781,강소(경남진주),(주)아이원이엠,R&D융합지구
5782,강소(경남진주),(주)앤썸바이오,R&D융합지구
5783,강소(경남진주),(주)케어원,R&D융합지구
5784,강소(경남진주),(주)케이컨스,R&D융합지구
5785,강소(경남진주),(주)휴온텍,R&D융합지구
5786,강소(경남진주),경상국립대학교 산학협력단,R&D융합지구
5787,강소(경남진주),미래시스템(주),R&D융합지구
5788,강소(경남진주),비알세라텍 (BR세라텍),R&D융합지구
5789,강소(경남진주),에이엔엠(주),R&D융합지구
5790,강소(경남진주),주)플러스,R&D융합지구
5791,강소(경남진주),주식회사 다비스,R&D융합지구
5792,강소(경남진주),주식회사 엔스퀘어,R&D융합지구
5793,강소(경남진주),주식회사 킨스텍,R&D융합지구
5794,강소(경남진주),주식회사 휘게로,R&D융합지구
5795,강소(경남진주),주식회사디엑스데이타,R&D융합지구
5796,강소(경남진주),한국탄소농업연구소(주),R&D융합지구
5797,강소(경남창원), 주식회사샘,R&D융합지구
5798,강소(경남창원),(주 ) 이레이 ,R&D융합지구
5799,강소(경남창원),(주)세이프어스,R&D융합지구
5800,강소(경남창원),(주)아크로멧,R&D융합지구
5801,강소(경남창원),(주)펄스락,R&D융합지구
5802,강소(경남창원),디인사이트,R&D융합지구
5803,강소(경남창원),새한이솔루션주식회사,R&D융합지구
5804,강소(경남창원),에스지모션(주),R&D융합지구
5805,강소(경남창원),에이지로보틱스(주),R&D융합지구
5806,강소(경남창원),유에이티 주식회사,R&D융합지구
5807,강소(경남창원),정보통신업,R&D융합지구
5808,강소(경남창원),제이엔이웍스,R&D융합지구
5809,강소(경남창원),주식회사 로보틱박스,R&D융합지구
5810,강소(경남창원),주식회사 모빌리티랩,R&D융합지구
5811,강소(경남창원),주식회사 아이엠에르텍,R&D융합지구
5812,강소(경남창원),주식회사 애니에이블,R&D융합지구
5813,강소(경남창원),주식회사 에스알,R&D융합지구
5814,강소(경남창원),주식회사 이유텍,R&D융합지구
5815,강소(경남창원),주식회사 제이스퀘어,R&D융합지구
5816,강소(경남창원),주식회사 젠커스,R&D융합지구
5817,강소(경남창원),주식회사 지유,R&D융합지구
5818,강소(경남창원),주식회사 창림,R&D융합지구
5819,강소(경남창원),주식회사 트윈윈즈,R&D융합지구
5820,강소(경남창원),한국전기연구원,R&D융합지구
5821,강소(경남창원),한국가스공사,기술사업화지구
5822,강소(경북구미),(주)골든크로우,R&D·인력양성지구
5823,강소(경북구미),(주)글로리테크,R&D·인력양성지구
5824,강소(경북구미),(주)네스트  ,R&D·인력양성지구
5825,강소(경북구미),(주)동성테크,R&D·인력양성지구
5826,강소(경북구미),(주)로챗,R&D·인력양성지구
5827,강소(경북구미),(주)마일포스트,R&D·인력양성지구
5828,강소(경북구미),(주)모세메디,R&D·인력양성지구
5829,강소(경북구미),(주)블루테라,R&D·인력양성지구
5830,강소(경북구미),(주)비알지,R&D·인력양성지구
5831,강소(경북구미),(주)솔위드,R&D·인력양성지구
5832,강소(경북구미),(주)싸이언블루네이비,R&D·인력양성지구
5833,강소(경북구미),(주)아이메타에이아이,R&D·인력양성지구
5834,강소(경북구미),(주)아이팜,R&D·인력양성지구
5835,강소(경북구미),(주)알에프온,R&D·인력양성지구
5836,강소(경북구미),(주)앤에프티씨어터,R&D·인력양성지구
5837,강소(경북구미),(주)에프엠케이,R&D·인력양성지구
5838,강소(경북구미),(주)엘라인,R&D·인력양성지구
5839,강소(경북구미),(주)웨이브랩스,R&D·인력양성지구
5840,강소(경북구미),(주)웬스,R&D·인력양성지구
5841,강소(경북구미),(주)웰니스,R&D·인력양성지구
5842,강소(경북구미),(주)이음길에이치알,R&D·인력양성지구
5843,강소(경북구미),(주)이지스에이엠,R&D·인력양성지구
5844,강소(경북구미),(주)제로센서,R&D·인력양성지구
5845,강소(경북구미),(주)지니모빌리티,R&D·인력양성지구
5846,강소(경북구미),(주)케이엔랩,R&D·인력양성지구
5847,강소(경북구미),(주)하늬바람,R&D·인력양성지구
5848,강소(경북구미),게으른용사들,R&D·인력양성지구
5849,강소(경북구미),국립금오공과대학교,R&D·인력양성지구
5850,강소(경북구미),농업회사법인 울릉브루어리(주),R&D·인력양성지구
5851,강소(경북구미),대원오토메드(주),R&D·인력양성지구
5852,강소(경북구미),더메카닉,R&D·인력양성지구
5853,강소(경북구미),디버스(DIVUS),R&D·인력양성지구
5854,강소(경북구미),디알티,R&D·인력양성지구
5855,강소(경북구미),레이랩스,R&D·인력양성지구
5856,강소(경북구미),루티,R&D·인력양성지구
5857,강소(경북구미),매쓰인사이트,R&D·인력양성지구
5858,강소(경북구미),메스코(MESCO),R&D·인력양성지구
5859,강소(경북구미),메이커존,R&D·인력양성지구
5860,강소(경북구미),메타 티시에스,R&D·인력양성지구
5861,강소(경북구미),멕(MEC),R&D·인력양성지구
5862,강소(경북구미),블루웨일,R&D·인력양성지구
5863,강소(경북구미),아담스컨설턴트,R&D·인력양성지구
5864,강소(경북구미),아이앤지코리아,R&D·인력양성지구
5865,강소(경북구미),아이에이치랩,R&D·인력양성지구
5866,강소(경북구미),아이케이시스템즈,R&D·인력양성지구
5867,강소(경북구미),에스엠파머스주식회사,R&D·인력양성지구
5868,강소(경북구미),에프디엔피엔지니어링주식회사,R&D·인력양성지구
5869,강소(경북구미),엘리시온랩스,R&D·인력양성지구
5870,강소(경북구미),엘앤씨,R&D·인력양성지구
5871,강소(경북구미),엠에스테크,R&D·인력양성지구
5872,강소(경북구미),영일아이씨티주식회사,R&D·인력양성지구
5873,강소(경북구미),와이솔루션(주),R&D·인력양성지구
5874,강소(경북구미),와이제이랩,R&D·인력양성지구
5875,강소(경북구미),위미웍스,R&D·인력양성지구
5876,강소(경북구미),위즈노트에이아이(주),R&D·인력양성지구
5877,강소(경북구미),유알아이(주),R&D·인력양성지구
5878,강소(경북구미),유일 랩,R&D·인력양성지구
5879,강소(경북구미),이에스피,R&D·인력양성지구
5880,강소(경북구미),이음소프트,R&D·인력양성지구
5881,강소(경북구미),인비,R&D·인력양성지구
5882,강소(경북구미),제이와이랩,R&D·인력양성지구
5883,강소(경북구미),제이와이솔루션주식회사,R&D·인력양성지구
5884,강소(경북구미),주식회사 금오건축풍공학연구소,R&D·인력양성지구
5885,강소(경북구미),주식회사 대디푸드,R&D·인력양성지구
5886,강소(경북구미),주식회사 대아산업,R&D·인력양성지구
5887,강소(경북구미),주식회사 더블유아이티,R&D·인력양성지구
5888,강소(경북구미),주식회사 디버스,R&D·인력양성지구
5889,강소(경북구미),주식회사 라씨,R&D·인력양성지구
5890,강소(경북구미),주식회사 레드후드소프트웨어,R&D·인력양성지구
5891,강소(경북구미),주식회사 로터스이앤티,R&D·인력양성지구
5892,강소(경북구미),주식회사 반비,R&D·인력양성지구
5893,강소(경북구미),주식회사 사업노트,R&D·인력양성지구
5894,강소(경북구미),주식회사 스터닝박스,R&D·인력양성지구
5895,강소(경북구미),주식회사 안전백화점,R&D·인력양성지구
5896,강소(경북구미),주식회사 에스앤이솔루션스,R&D·인력양성지구
5897,강소(경북구미),주식회사 에이아이리스,R&D·인력양성지구
5898,강소(경북구미),주식회사 엔에스랩,R&D·인력양성지구
5899,강소(경북구미),주식회사 엘에스씨,R&D·인력양성지구
5900,강소(경북구미),주식회사 엠이티,R&D·인력양성지구
5901,강소(경북구미),주식회사 와이제이랩,R&D·인력양성지구
5902,강소(경북구미),주식회사 워프,R&D·인력양성지구
5903,강소(경북구미),주식회사 원로보틱스,R&D·인력양성지구
5904,강소(경북구미),주식회사 이롬,R&D·인력양성지구
5905,강소(경북구미),주식회사 지디텍,R&D·인력양성지구
5906,강소(경북구미),주식회사 지안,R&D·인력양성지구
5907,강소(경북구미),주식회사 지에이치에스,R&D·인력양성지구
5908,강소(경북구미),주식회사 케이엠시스템,R&D·인력양성지구
5909,강소(경북구미),주식회사 코드체인지,R&D·인력양성지구
5910,강소(경북구미),주식회사 코리아레카,R&D·인력양성지구
5911,강소(경북구미),주식회사선진엔지니어링,R&D·인력양성지구
5912,강소(경북구미),지구의 온도,R&D·인력양성지구
5913,강소(경북구미),지야,R&D·인력양성지구
5914,강소(경북구미),케디프랩(주),R&D·인력양성지구
5915,강소(경북구미),케이엠에스티,R&D·인력양성지구
5916,강소(경북구미),코드파빈,R&D·인력양성지구
5917,강소(경북구미),클린사이언스,R&D·인력양성지구
5918,강소(경북구미),태한엠테크(주),R&D·인력양성지구
5919,강소(경북구미),테크로보틱스 에어리어,R&D·인력양성지구
5920,강소(경북구미),픽클래스,R&D·인력양성지구
5921,강소(경북구미),휴마노케어,R&D·인력양성지구
5922,강소(경북구미),힐링메이커,R&D·인력양성지구
5923,강소(경북구미),힐링메이커,R&D·인력양성지구
5924,강소(경북구미),(주) 제이앤씨테크,창업실증지구
5925,강소(경북구미),(주)동평기술,창업실증지구
5926,강소(경북구미),(주)씨엘코어,창업실증지구
5927,강소(경북구미),(주)엘코시스,창업실증지구
5928,강소(경북구미),(주)이랑텍,창업실증지구
5929,강소(경북구미),(주)템텍,창업실증지구
5930,강소(경북구미),(주)휴먼아이티,창업실증지구
5931,강소(경북구미),가온그룹(주),창업실증지구
5932,강소(경북구미),극동에너지주식회사,창업실증지구
5933,강소(경북구미),더파츠컴퍼니,창업실증지구
5934,강소(경북구미),메타하트,창업실증지구
5935,강소(경북구미),성운(星雲),창업실증지구
5936,강소(경북구미),스파코주식회사,창업실증지구
5937,강소(경북구미),씨투전자,창업실증지구
5938,강소(경북구미),아이앤티,창업실증지구
5939,강소(경북구미),아이에스티,창업실증지구
5940,강소(경북구미),아이파이브,창업실증지구
5941,강소(경북구미),안전착륙,창업실증지구
5942,강소(경북구미),앤티(ANTI),창업실증지구
5943,강소(경북구미),엠에스정보,창업실증지구
5944,강소(경북구미),주식회사 네오유비,창업실증지구
5945,강소(경북구미),주식회사 네콘,창업실증지구
5946,강소(경북구미),주식회사 대명에이아이,창업실증지구
5947,강소(경북구미),주식회사 대영오앤이,창업실증지구
5948,강소(경북구미),주식회사 카이디어,창업실증지구
5949,강소(경북구미),주식회사 케이랩스,창업실증지구
5950,강소(경북구미),주식회사 큐에스,창업실증지구
5951,강소(경북구미),주식회사 클래스업,창업실증지구
5952,강소(경북구미),진광,창업실증지구
5953,강소(경북구미),피지오건강기술,창업실증지구
5954,강소(경북구미),한국디자인진흥원,창업실증지구
5955,강소(경북구미),휴마스콧주식회사,창업실증지구
5956,강소(경북포항),(주)아이언박스,R&D/창업지구
5957,강소(경북포항),(주)지엔씨솔루션,R&D/창업지구
5958,강소(경북포항),(주)네이트로닉스,사업화지구
5959,강소(경북포항),(주)덱스테크놀로지,사업화지구
5960,강소(경북포항),(주)미광엔텍,사업화지구
5961,강소(경북포항),(주)부강특수산업,사업화지구
5962,강소(경북포항),(주)빅텍스,사업화지구
5963,강소(경북포항),(주)알로이코어랩스,사업화지구
5964,강소(경북포항),(주)암페어머티리얼즈,사업화지구
5965,강소(경북포항),(주)에이치엠티,사업화지구
5966,강소(경북포항),(주)에코에스엠,사업화지구
5967,강소(경북포항),(주)에프씨아이,사업화지구
5968,강소(경북포항),(주)엠에스테크놀로지,사업화지구
5969,강소(경북포항),(주)투디엠,사업화지구
5970,강소(경북포항),(주)팜스텍,사업화지구
5971,강소(경북포항),(주)푸른기술에너지,사업화지구
5972,강소(경북포항),(주)플로우에너지,사업화지구
5973,강소(경북포항),(주)햅스,사업화지구
5974,강소(경북포항),SK이노베이션(주),사업화지구
5975,강소(경북포항),서보텍,사업화지구
5976,강소(경북포항),위드로봇(주),사업화지구
5977,강소(경북포항),이다웰(주),사업화지구
5978,강소(경북포항),자비스옵틱스,사업화지구
5979,강소(경북포항),주식회사 샤이닝마블,사업화지구
5980,강소(경북포항),주식회사 세찬,사업화지구
5981,강소(경북포항),주식회사 시아,사업화지구
5982,강소(경북포항),주식회사 아이티,사업화지구
5983,강소(경북포항),주식회사 에콤환경,사업화지구
5984,강소(경북포항),주식회사 웨이브디,사업화지구
5985,강소(경북포항),주식회사 이롭,사업화지구
5986,강소(경북포항),주식회사 케이대응로봇 포항지사,사업화지구
5987,강소(경북포항),주식회사 히어디엘,사업화지구
5988,강소(경북포항),지멘스헬시니어스(주),사업화지구
5989,강소(경북포항),필즈엔지니어링(주),사업화지구
5990,강소(경북포항),(사)한국방사능분석협회,기술상용화지구
5991,강소(경북포항),(주)넥스젠파워,기술상용화지구
5992,강소(경북포항),(주)마이다스에이치앤티,기술상용화지구
5993,강소(경북포항),(주)모이모션,기술상용화지구
5994,강소(경북포항),(주)보다,기술상용화지구
5995,강소(경북포항),(주)슈퍼아이콘,기술상용화지구
5996,강소(경북포항),(주)시그마포토닉스,기술상용화지구
5997,강소(경북포항),(주)씨바이오멕스,기술상용화지구
5998,강소(경북포항),(주)에스에프로보틱스,기술상용화지구
5999,강소(경북포항),(주)에이아이클라우드,기술상용화지구
6000,강소(경북포항),(주)엠케이브이,기술상용화지구
6001,강소(경북포항),(주)엠티에프씨,기술상용화지구
6002,강소(경북포항),(주)예스파워테크닉스,기술상용화지구
6003,강소(경북포항),(주)오대,기술상용화지구
6004,강소(경북포항),(주)우로테스트,기술상용화지구
6005,강소(경북포항),(주)유투메드텍,기술상용화지구
6006,강소(경북포항),(주)인투스,기술상용화지구
6007,강소(경북포항),(주)카본엔,기술상용화지구
6008,강소(경북포항),(주)크라운기술지주,기술상용화지구
6009,강소(경북포항),(주)패러데이오투,기술상용화지구
6010,강소(경북포항),(주)프렘투,기술상용화지구
6011,강소(경북포항),(주)하바랩,기술상용화지구
6012,강소(경북포항),(주)할크,기술상용화지구
6013,강소(경북포항),(주)헤세드바이오,기술상용화지구
6014,강소(경북포항),그래핀스퀘어(주),기술상용화지구
6015,강소(경북포항),디메피아,기술상용화지구
6016,강소(경북포항),디자인인텔리전스랩,기술상용화지구
6017,강소(경북포항),마이크로어낼리시스 (주),기술상용화지구
6018,강소(경북포항),망고슬래브주식회사,기술상용화지구
6019,강소(경북포항),모빌리전트 주식회사,기술상용화지구
6020,강소(경북포항),믹앤멕 주식회사,기술상용화지구
6021,강소(경북포항),비오전스,기술상용화지구
6022,강소(경북포항),셀로이드,기술상용화지구
6023,강소(경북포항),알파그래핀(주),기술상용화지구
6024,강소(경북포항),에스엔텔주식회사,기술상용화지구
6025,강소(경북포항),에이아이포펫,기술상용화지구
6026,강소(경북포항),에이치로보틱스(주),기술상용화지구
6027,강소(경북포항),에이치메딕기어 주식회사,기술상용화지구
6028,강소(경북포항),엔씨스퀘어,기술상용화지구
6029,강소(경북포항),원소프트다임,기술상용화지구
6030,강소(경북포항),이에스알,기술상용화지구
6031,강소(경북포항),이옴텍,기술상용화지구
6032,강소(경북포항),조화로운기술(주),기술상용화지구
6033,강소(경북포항),주식회사 네오퍼스,기술상용화지구
6034,강소(경북포항),주식회사 노브메타파마,기술상용화지구
6035,강소(경북포항),주식회사 리스트벤처,기술상용화지구
6036,강소(경북포항),주식회사 보인앤컴퍼니,기술상용화지구
6037,강소(경북포항),주식회사 비루트랩,기술상용화지구
6038,강소(경북포항),주식회사 비컨,기술상용화지구
6039,강소(경북포항),주식회사 스페바이오,기술상용화지구
6040,강소(경북포항),주식회사 싸이오,기술상용화지구
6041,강소(경북포항),주식회사 아르케,기술상용화지구
6042,강소(경북포항),주식회사 아이제스트,기술상용화지구
6043,강소(경북포항),주식회사 엠디엡투스,기술상용화지구
6044,강소(경북포항),주식회사 위츠,기술상용화지구
6045,강소(경북포항),주식회사 카멜바이오사이언스,기술상용화지구
6046,강소(경북포항),주식회사 크림,기술상용화지구
6047,강소(경북포항),주식회사 토브앤바나,기술상용화지구
6048,강소(경북포항),주식회사 티센바이오팜,기술상용화지구
6049,강소(경북포항),주식회사 패턴테크,기술상용화지구
6050,강소(경북포항),주식회사 포렘코,기술상용화지구
6051,강소(경북포항),주식회사 퓨쳐팩토리,기술상용화지구
6052,강소(경북포항),주식회사 하이보,기술상용화지구
6053,강소(경북포항),클라우드브릭 주식회사,기술상용화지구
6054,강소(경북포항),파솔신소재,기술상용화지구
6055,강소(경북포항),포다스,기술상용화지구
6056,강소(서울홍릉),(주)네이처사이언스,R&D융합지구
6057,강소(서울홍릉),(주)디스펙터,R&D융합지구
6058,강소(서울홍릉),(주)디에이치에너지시스템,R&D융합지구
6059,강소(서울홍릉),(주)로아이젠,R&D융합지구
6060,강소(서울홍릉),(주)마인즈텍,R&D융합지구
6061,강소(서울홍릉),(주)메타디티엑스,R&D융합지구
6062,강소(서울홍릉),(주)바이오소닉스,R&D융합지구
6063,강소(서울홍릉),(주)바이옴에이츠,R&D융합지구
6064,강소(서울홍릉),(주)삼성블루텍,R&D융합지구
6065,강소(서울홍릉),(주)셀랩메드,R&D융합지구
6066,강소(서울홍릉),(주)스마트셀랩,R&D융합지구
6067,강소(서울홍릉),(주)신원티엠에스,R&D융합지구
6068,강소(서울홍릉),(주)실리콘핸즈,R&D융합지구
6069,강소(서울홍릉),(주)아고스비전,R&D융합지구
6070,강소(서울홍릉),(주)아라레연구소,R&D융합지구
6071,강소(서울홍릉),(주)알트메디칼,R&D융합지구
6072,강소(서울홍릉),(주)에스알켐바이오,R&D융합지구
6073,강소(서울홍릉),(주)에이랩스,R&D융합지구
6074,강소(서울홍릉),(주)엔도로보틱스,R&D융합지구
6075,강소(서울홍릉),(주)엠티엠이엔티,R&D융합지구
6076,강소(서울홍릉),(주)오로지랩헬스케어,R&D융합지구
6077,강소(서울홍릉),(주)이코노바이저,R&D융합지구
6078,강소(서울홍릉),(주)일렉셀,R&D융합지구
6079,강소(서울홍릉),(주)쿠노소프트,R&D융합지구
6080,강소(서울홍릉),마이오텍사이언스(주),R&D융합지구
6081,강소(서울홍릉),마일스톤헬스케어,R&D융합지구
6082,강소(서울홍릉),메타오가닉테크놀러지 주식회사,R&D융합지구
6083,강소(서울홍릉),시스메드,R&D융합지구
6084,강소(서울홍릉),알리아드바이오파마 주식회사,R&D융합지구
6085,강소(서울홍릉),에스제이글로벌 주식회사,R&D융합지구
6086,강소(서울홍릉),이마고웍스 주식회사,R&D융합지구
6087,강소(서울홍릉),정메드 주식회사,R&D융합지구
6088,강소(서울홍릉),주식회사 네오켄바이오,R&D융합지구
6089,강소(서울홍릉),주식회사 넥스트앤바이오,R&D융합지구
6090,강소(서울홍릉),주식회사 뉴로타지,R&D융합지구
6091,강소(서울홍릉),주식회사 레디큐어,R&D융합지구
6092,강소(서울홍릉),주식회사 르컴퍼니,R&D융합지구
6093,강소(서울홍릉),주식회사 마이크로메디옴,R&D융합지구
6094,강소(서울홍릉),주식회사 마이크로젠타스,R&D융합지구
6095,강소(서울홍릉),주식회사 맘트,R&D융합지구
6096,강소(서울홍릉),주식회사 메디셀헬스케어,R&D융합지구
6097,강소(서울홍릉),주식회사 메디케어텍,R&D융합지구
6098,강소(서울홍릉),주식회사 메디프리즘,R&D융합지구
6099,강소(서울홍릉),주식회사 뮤즈블라썸,R&D융합지구
6100,강소(서울홍릉),주식회사 바이언스,R&D융합지구
6101,강소(서울홍릉),주식회사 비페코,R&D융합지구
6102,강소(서울홍릉),주식회사 빛글림,R&D융합지구
6103,강소(서울홍릉),주식회사 세이브더팜즈,R&D융합지구
6104,강소(서울홍릉),주식회사 소젠,R&D융합지구
6105,강소(서울홍릉),주식회사 시프트바이오,R&D융합지구
6106,강소(서울홍릉),주식회사 씨엔피솔루션즈,R&D융합지구
6107,강소(서울홍릉),주식회사 아이오티포헬스,R&D융합지구
6108,강소(서울홍릉),주식회사 아이피에스바이오,R&D융합지구
6109,강소(서울홍릉),주식회사 아티크론,R&D융합지구
6110,강소(서울홍릉),주식회사 안단테에프엠,R&D융합지구
6111,강소(서울홍릉),주식회사 에브리랩,R&D융합지구
6112,강소(서울홍릉),주식회사 에브리심,R&D융합지구
6113,강소(서울홍릉),주식회사 에이드올,R&D융합지구
6114,강소(서울홍릉),주식회사 엑스닷츠,R&D융합지구
6115,강소(서울홍릉),주식회사 엔클,R&D융합지구
6116,강소(서울홍릉),주식회사 엔프로,R&D융합지구
6117,강소(서울홍릉),주식회사 오디엔,R&D융합지구
6118,강소(서울홍릉),주식회사 오토모스,R&D융합지구
6119,강소(서울홍릉),주식회사 원셀에스바이오,R&D융합지구
6120,강소(서울홍릉),주식회사 유니바,R&D융합지구
6121,강소(서울홍릉),주식회사 인베랩,R&D융합지구
6122,강소(서울홍릉),주식회사 일렉트로워터,R&D융합지구
6123,강소(서울홍릉),주식회사 잇피,R&D융합지구
6124,강소(서울홍릉),주식회사 지아이비타,R&D융합지구
6125,강소(서울홍릉),주식회사 컴플렉시온,R&D융합지구
6126,강소(서울홍릉),주식회사 큐어버스,R&D융합지구
6127,강소(서울홍릉),주식회사 크리모,R&D융합지구
6128,강소(서울홍릉),주식회사 트루픽셀,R&D융합지구
6129,강소(서울홍릉),주식회사 틸더(TILDE),R&D융합지구
6130,강소(서울홍릉),주식회사 포피랩,R&D융합지구
6131,강소(서울홍릉),주식회사 프로젝트피,R&D융합지구
6132,강소(서울홍릉),주식회사 한국분석과학연구소,R&D융합지구
6133,강소(서울홍릉),주식회사골다공인공지능,R&D융합지구
6134,강소(서울홍릉),케이디바이오 주식회사,R&D융합지구
6135,강소(서울홍릉),케이유융합소프트웨어연구센터주식회사,R&D융합지구
6136,강소(서울홍릉),콜마글로벌 주식회사,R&D융합지구
6137,강소(서울홍릉),(주)메디아이오티,기술사업화지구
6138,강소(서울홍릉),(주)메디엔진,기술사업화지구
6139,강소(서울홍릉),(주)사이알바이오,기술사업화지구
6140,강소(서울홍릉),윈드포스 주식회사,기술사업화지구
6141,강소(서울홍릉),주식회사 온코마스터,기술사업화지구
6142,강소(서울홍릉),주식회사 힐링사운드,기술사업화지구
6143,강소(울산울주),(주)디케이머트리얼즈,R&D촉진지구
6144,강소(울산울주),(주)마이크로우라너스,R&D촉진지구
6145,강소(울산울주),(주)마켓오브메테리얼,R&D촉진지구
6146,강소(울산울주),(주)브이알팩토리,R&D촉진지구
6147,강소(울산울주),(주)브이에프엑스코리아,R&D촉진지구
6148,강소(울산울주),(주)비달소닉,R&D촉진지구
6149,강소(울산울주),(주)서홍테크,R&D촉진지구
6150,강소(울산울주),(주)솔라라이트,R&D촉진지구
6151,강소(울산울주),(주)씨엔엔테크,R&D촉진지구
6152,강소(울산울주),(주)앨리스헬스케어,R&D촉진지구
6153,강소(울산울주),(주)에이엠홀로,R&D촉진지구
6154,강소(울산울주),(주)에코셀,R&D촉진지구
6155,강소(울산울주),(주)엔에스텍이앤티,R&D촉진지구
6156,강소(울산울주),(주)엠지아이포밍랩,R&D촉진지구
6157,강소(울산울주),(주)오투메디,R&D촉진지구
6158,강소(울산울주),(주)원메이드,R&D촉진지구
6159,강소(울산울주),(주)유니크닷,R&D촉진지구
6160,강소(울산울주),(주)유안테크,R&D촉진지구
6161,강소(울산울주),(주)이노플라즈텍,R&D촉진지구
6162,강소(울산울주),(주)이지마이닝,R&D촉진지구
6163,강소(울산울주),(주)인섹트이노텍,R&D촉진지구
6164,강소(울산울주),(주)타이로스코프,R&D촉진지구
6165,강소(울산울주),(주)트로하,R&D촉진지구
6166,강소(울산울주),(주)포투원,R&D촉진지구
6167,강소(울산울주),(주)프런티어에너지솔루션,R&D촉진지구
6168,강소(울산울주),(주)필더세임,R&D촉진지구
6169,강소(울산울주),(주)현대공업,R&D촉진지구
6170,강소(울산울주),(주)홀트에너지,R&D촉진지구
6171,강소(울산울주),다이폴라랩,R&D촉진지구
6172,강소(울산울주),닥터일렉 주식회사 ,R&D촉진지구
6173,강소(울산울주),대현솔루션 주식회사,R&D촉진지구
6174,강소(울산울주),동성산기(주),R&D촉진지구
6175,강소(울산울주),디더블유(DW)컴포지트,R&D촉진지구
6176,강소(울산울주),디아이씨신소재,R&D촉진지구
6177,강소(울산울주),디앤유,R&D촉진지구
6178,강소(울산울주),라이트하우스컴바인인베스트(주),R&D촉진지구
6179,강소(울산울주),랩이즈,R&D촉진지구
6180,강소(울산울주),루시투앤,R&D촉진지구
6181,강소(울산울주),미라텍 주식회사,R&D촉진지구
6182,강소(울산울주),바론코리아(주),R&D촉진지구
6183,강소(울산울주),바인드,R&D촉진지구
6184,강소(울산울주),서스세라(SusCera),R&D촉진지구
6185,강소(울산울주),선보엔젤파트너스 주식회사,R&D촉진지구
6186,강소(울산울주),수테크  ,R&D촉진지구
6187,강소(울산울주),에이엠,R&D촉진지구
6188,강소(울산울주),에이엠트리(주) 울산지점,R&D촉진지구
6189,강소(울산울주),에이치앤비지노믹스 주식회사,R&D촉진지구
6190,강소(울산울주),에프엠브이 주식회사,R&D촉진지구
6191,강소(울산울주),엘바ELBA,R&D촉진지구
6192,강소(울산울주),이엠코어텍(주),R&D촉진지구
6193,강소(울산울주),이음바이오 주식회사,R&D촉진지구
6194,강소(울산울주),주식회사 그래핀이엔지,R&D촉진지구
6195,강소(울산울주),주식회사 기빙데이즈,R&D촉진지구
6196,강소(울산울주),주식회사 네오넌트,R&D촉진지구
6197,강소(울산울주),주식회사 다미엑스,R&D촉진지구
6198,강소(울산울주),주식회사 대동씨엠씨,R&D촉진지구
6199,강소(울산울주),주식회사 더로드,R&D촉진지구
6200,강소(울산울주),주식회사 딥아이,R&D촉진지구
6201,강소(울산울주),주식회사 랩스피너,R&D촉진지구
6202,강소(울산울주),주식회사 리리,R&D촉진지구
6203,강소(울산울주),주식회사 리센스메디컬,R&D촉진지구
6204,강소(울산울주),주식회사 베이브,R&D촉진지구
6205,강소(울산울주),주식회사 볼턴,R&D촉진지구
6206,강소(울산울주),주식회사 비엘비,R&D촉진지구
6207,강소(울산울주),주식회사 센서위드유,R&D촉진지구
6208,강소(울산울주),주식회사 스마틴바이오,R&D촉진지구
6209,강소(울산울주),주식회사 스피랩,R&D촉진지구
6210,강소(울산울주),주식회사 시너지,R&D촉진지구
6211,강소(울산울주),주식회사 아리비앤씨,R&D촉진지구
6212,강소(울산울주),주식회사 아이미츠,R&D촉진지구
6213,강소(울산울주),주식회사 아테나,R&D촉진지구
6214,강소(울산울주),주식회사 에몬스울산전시장,R&D촉진지구
6215,강소(울산울주),주식회사 에이티피벤처스,R&D촉진지구
6216,강소(울산울주),주식회사 위드인넷,R&D촉진지구
6217,강소(울산울주),주식회사 이노빌드랩,R&D촉진지구
6218,강소(울산울주),주식회사 인터엑스,R&D촉진지구
6219,강소(울산울주),주식회사 지티,R&D촉진지구
6220,강소(울산울주),주식회사 케이랩스,R&D촉진지구
6221,강소(울산울주),주식회사 코끼리랩,R&D촉진지구
6222,강소(울산울주),주식회사 코어닷투데이,R&D촉진지구
6223,강소(울산울주),주식회사 클리노믹스,R&D촉진지구
6224,강소(울산울주),주식회사 트립빌더,R&D촉진지구
6225,강소(울산울주),주식회사 한국메탈,R&D촉진지구
6226,강소(울산울주),주식회사 호명,R&D촉진지구
6227,강소(울산울주),주식회사 히팅스퀘어,R&D촉진지구
6228,강소(울산울주),주식회사 힐릭스코,R&D촉진지구
6229,강소(울산울주),주식회사비즈숲,R&D촉진지구
6230,강소(울산울주),주영산업 주식회사,R&D촉진지구
6231,강소(울산울주),지엔에스 주식회사,R&D촉진지구
6232,강소(울산울주),지이이,R&D촉진지구
6233,강소(울산울주),특허법인 지원,R&D촉진지구
6234,강소(울산울주),패튼에프티 주식회사,R&D촉진지구
6235,강소(울산울주),포세이돈배터리주식회사,R&D촉진지구
6236,강소(울산울주),퓨전바이오텍,R&D촉진지구
6237,강소(울산울주),플렉스크래프트(주),R&D촉진지구
6238,강소(울산울주),한국전지안전(주),R&D촉진지구
6239,강소(전남나주),한국에너지공과대학교,기술창출지구
6240,강소(전북군산),(주)넥스젠ES,R&D융합지구
6241,강소(전북군산),(주)에스에스월드,R&D융합지구
6242,강소(전북군산),(주)주영 오토모티브,R&D융합지구
6243,강소(전북군산),(주)지에스에코,R&D융합지구
6244,강소(전북군산),(주)케이에스씨,R&D융합지구
6245,강소(전북군산),고군산푸드,R&D융합지구
6246,강소(전북군산),광명이엔지(주),R&D융합지구
6247,강소(전북군산),더파운틴코리아(주),R&D융합지구
6248,강소(전북군산),동우젠,R&D융합지구
6249,강소(전북군산),마이오펫 주식회사,R&D융합지구
6250,강소(전북군산),주식회사 넥스젠,R&D융합지구
6251,강소(전북군산),주식회사 세종,R&D융합지구
6252,강소(전북군산),주식회사 송천,R&D융합지구
6253,강소(전북군산),주식회사 알티바이오사이언스,R&D융합지구
6254,강소(전북군산),주식회사 에이치엠씨,R&D융합지구
6255,강소(전북군산),주식회사 제이더블유시스템즈,R&D융합지구
6256,강소(전북군산),주식회사 지씨에스크리에이티브,R&D융합지구
6257,강소(전북군산),주식회사 파로스그린쉽,R&D융합지구
6258,강소(전북군산),주식회사 한별로보틱스,R&D융합지구
6259,강소(전북군산),주식회사 한양솔라에너지,R&D융합지구
6260,강소(전북군산),(주)세림씨앤에스,사업화지원지구
6261,강소(전북군산),(주)웨니테크,사업화지원지구
6262,강소(전북군산),(주)이노카,사업화지원지구
6263,강소(전북군산),(주)패션테리어제이에스,사업화지원지구
6264,강소(전북군산),두이엔지(주),사업화지원지구
6265,강소(전북군산),사단법인 전북산학융합원,사업화지원지구
6266,강소(전북군산),서해테크,사업화지원지구
6267,강소(전북군산),주식회사 자라윈드,사업화지원지구
6268,강소(전북군산),주식회사드림어스,사업화지원지구
6269,강소(전북군산),지스타모빌리티 주식회사,사업화지원지구
6270,강소(충남천안아산),(주)딜렉,R&D거점지구
6271,강소(충남천안아산),주식회사 엑스모빌리티,R&D거점지구
6272,강소(충남천안아산),한맥에너지솔루션(주),R&D거점지구
6273,강소(충남천안아산),(주) 맥스,R&D 창업융합지구
6274,강소(충남천안아산),(주)노블머트리얼즈,R&D 창업융합지구
6275,강소(충남천안아산),(주)더블스퀘어,R&D 창업융합지구
6276,강소(충남천안아산),(주)비트로닉,R&D 창업융합지구
6277,강소(충남천안아산),(주)아라에이아이솔루션,R&D 창업융합지구
6278,강소(충남천안아산),(주)엠비솔라텍,R&D 창업융합지구
6279,강소(충남천안아산),비전알앤디,R&D 창업융합지구
6280,강소(충남천안아산),아이씨유테크(주),R&D 창업융합지구
6281,강소(충남천안아산),앨지바이오 주식회사,R&D 창업융합지구
6282,강소(충남천안아산),주식회사 더블유피,R&D 창업융합지구
6283,강소(충남천안아산),주식회사 디큐어스,R&D 창업융합지구
6284,강소(충남천안아산),주식회사 브이에스엘,R&D 창업융합지구
6285,강소(충남천안아산),주식회사 위니아에이드,R&D 창업융합지구
6286,강소(충북청주),(주)쎄넘,R&D지구
6287,강소(충북청주),(주)지와이,R&D지구
6288,강소(충북청주),주식회사 바디웰,R&D지구
6289,강소(충북청주),(주) 제이티에코비즈,R&D특성화지구
6290,강소(충북청주),(주)드림시스템,R&D특성화지구
6291,강소(충북청주),(주)셀렉스,R&D특성화지구
6292,강소(충북청주),(주)시작솔루션,R&D특성화지구
6293,강소(충북청주),(주)유비콤,R&D특성화지구
6294,강소(충북청주),(주)하우앳,R&D특성화지구
6295,강소(충북청주),(주)휴먼시스템,R&D특성화지구
6296,강소(충북청주),랩인큐브 주식회사,R&D특성화지구
6297,강소(충북청주),사이언스세이프티주식회사,R&D특성화지구
6298,강소(충북청주),에스엔피랩(주),R&D특성화지구
6299,강소(충북청주),엠에스지솔루션,R&D특성화지구
6300,강소(충북청주),주식회사 더하이,R&D특성화지구
6301,강소(충북청주),주식회사 두루알앤디,R&D특성화지구
6302,강소(충북청주),주식회사 씨테크랩스,R&D특성화지구
6303,강소(충북청주),주식회사 옵트에이아이,R&D특성화지구
6304,강소(충북청주),주식회사 이이엠씨,R&D특성화지구
6305,강소(충북청주),주식회사 케이에스씨,R&D특성화지구
6306,강소(충북청주),충북대학교,R&D특성화지구
6307,강소(충북청주),케이테크,R&D특성화지구
6308,강소(충북청주),클라우드9,R&D특성화지구
6309,강소(충북청주),하워드랩 주식회사,R&D특성화지구
6310,강소(충북청주),(재)충북과학기술혁신원,사업화지구
6311,강소(충북청주),(주)가솔릭,사업화지구
6312,강소(충북청주),(주)네오세미텍,사업화지구
6313,강소(충북청주),(주)대성이엔지,사업화지구
6314,강소(충북청주),(주)디엘정보기술,사업화지구
6315,강소(충북청주),(주)라온솔루션,사업화지구
6316,강소(충북청주),(주)서경산업,사업화지구
6317,강소(충북청주),(주)순수바람,사업화지구
6318,강소(충북청주),(주)시네이처,사업화지구
6319,강소(충북청주),(주)시아이솔루션,사업화지구
6320,강소(충북청주),(주)앤에스텍,사업화지구
6321,강소(충북청주),(주)유트론,사업화지구
6322,강소(충북청주),(주)지오비앤에이치,사업화지구
6323,강소(충북청주),(주)한얼누리 부설연구소,사업화지구
6324,강소(충북청주),농업회사법인 푸디웜(주),사업화지구
6325,강소(충북청주),단디큐어 주식회사,사업화지구
6326,강소(충북청주),아리제약,사업화지구
6327,강소(충북청주),재단법인충북테크노파크,사업화지구
6328,강소(충북청주),주식회사 디엠씨케이컴퍼니,사업화지구
6329,강소(충북청주),주식회사 딜리셔스마켓,사업화지구
6330,강소(충북청주),주식회사 에코프로비엠,사업화지구
6331,강소(충북청주),주식회사 옵티바이오,사업화지구
6332,강소(충북청주),주식회사 제이엘메디랩스,사업화지구
6333,강소(충북청주),주식회사 지오니어,사업화지구
6334,강소(충북청주),주식회사 큐에스랩,사업화지구
6335,강소(충북청주),주식회사 해치텍,사업화지구
6336,강소(충북청주),주식회사 휴럼,사업화지구
6337,강소(충북청주),주식회사이상기술,사업화지구
6338,강소(충북청주),주식회사티오씨,사업화지구
6339,강소(충북청주),충북태양광사업협동조합,사업화지구
6340,강소(충북청주),한국전자기술연구원,사업화지구
6341,강소(강원춘천),(주)메타스킨,R&D융합지구
6342,강소(강원춘천),(주)신성바이오팜,R&D융합지구
6343,강소(강원춘천),(주)애드미랩스,R&D융합지구
6344,강소(강원춘천),(주)콕스스페이스,R&D융합지구
6345,강소(강원춘천),(주)퓨처에프바이오텍,R&D융합지구
6346,강소(강원춘천),마이다손,R&D융합지구
6347,강소(강원춘천),셀모티브 주식회사,R&D융합지구
6348,강소(강원춘천),스마트이앤씨 주식회사,R&D융합지구
6349,강소(강원춘천),인투브이에스 주식회사,R&D융합지구
6350,강소(강원춘천),주식회사 모던 농업회사법인,R&D융합지구
6351,강소(강원춘천),주식회사 에프제이비시스템,R&D융합지구
6352,강소(강원춘천),주식회사 온코인,R&D융합지구
6353,강소(강원춘천),주식회사 파라바이오,R&D융합지구
6354,강소(강원춘천),피엔케이비에이치 주식회사,R&D융합지구
6355,강소(강원춘천),하온바이오솔루션스,R&D융합지구
6356,강소(인천서구),다올아이엔(주),R&D거점 지구
6357,강소(인천서구),주식회사 이솔바이오솔루션,R&D거점 지구
6358,강소(인천서구),주식회사 이에스디에너지,R&D거점 지구
6359,강소(인천서구),주식회사 플랜잇,R&D거점 지구
